Site,SKU,Device,Color,RAM,Storage,isDefault
AE,SM-F776BLGOMEA,Galaxy Z Flip8,Mint,12GB,256GB,
AE,SM-F776BLGPMEA,Galaxy Z Flip8,Mint,12GB,512GB,O
AE,SM-F776BLIOMEA,Galaxy Z Flip8,Pink,12GB,256GB,
AE,SM-F776BLIPMEA,Galaxy Z Flip8,Pink,12GB,512GB,O
AE,SM-F776BZKOMEA,Galaxy Z Flip8,Graphite,12GB,256GB,
AE,SM-F776BZKPMEA,Galaxy Z Flip8,Graphite,12GB,512GB,
AE,SM-F776BZWOMEA,Galaxy Z Flip8,Cream,12GB,256GB,
AE,SM-F776BZWPMEA,Galaxy Z Flip8,Cream,12GB,512GB,
AE,SM-F971BLVIMEA,Galaxy Z Fold8,Lavender,12GB,256GB,
AE,SM-F971BLVOMEA,Galaxy Z Fold8,Lavender,12GB,512GB,O
AE,SM-F971BLVPMEA,Galaxy Z Fold8,Lavender,16GB,1TB,
AE,SM-F971BZGIMEA,Galaxy Z Fold8,Pistachio,12GB,256GB,
AE,SM-F971BZGOMEA,Galaxy Z Fold8,Pistachio,12GB,512GB,O
AE,SM-F971BZGPMEA,Galaxy Z Fold8,Pistachio,16GB,1TB,
AE,SM-F971BZKIMEA,Galaxy Z Fold8,Graphite,12GB,256GB,
AE,SM-F971BZKOMEA,Galaxy Z Fold8,Graphite,12GB,512GB,
AE,SM-F971BZKPMEA,Galaxy Z Fold8,Graphite,16GB,1TB,
AE,SM-F971BZWIMEA,Galaxy Z Fold8,Cream,12GB,256GB,
AE,SM-F971BZWOMEA,Galaxy Z Fold8,Cream,12GB,512GB,
AE,SM-F971BZWPMEA,Galaxy Z Fold8,Cream,16GB,1TB,
AE,SM-F976BDGIMEA,Galaxy Z Fold8 Ultra,Green Shadow,12GB,256GB,
AE,SM-F976BDGOMEA,Galaxy Z Fold8 Ultra,Green Shadow,12GB,512GB,O
AE,SM-F976BDGPMEA,Galaxy Z Fold8 Ultra,Green Shadow,16GB,1TB,
AE,SM-F976BZKIMEA,Galaxy Z Fold8 Ultra,Graphite,12GB,256GB,
AE,SM-F976BZKOMEA,Galaxy Z Fold8 Ultra,Graphite,12GB,512GB,
AE,SM-F976BZKPMEA,Galaxy Z Fold8 Ultra,Graphite,16GB,1TB,
AE,SM-F976BZVIMEA,Galaxy Z Fold8 Ultra,Violet Shadow,12GB,256GB,
AE,SM-F976BZVOMEA,Galaxy Z Fold8 Ultra,Violet Shadow,12GB,512GB,O
AE,SM-F976BZVPMEA,Galaxy Z Fold8 Ultra,Violet Shadow,16GB,1TB,
AE,SM-F976BZWIMEA,Galaxy Z Fold8 Ultra,Cream,12GB,256GB,
AE,SM-F976BZWOMEA,Galaxy Z Fold8 Ultra,Cream,12GB,512GB,
AE,SM-F976BZWPMEA,Galaxy Z Fold8 Ultra,Cream,16GB,1TB,
AE,SM-L340NZEAMEA,Galaxy Watch9,Cream,,BLUETOOTH,O
AE,SM-L340NZKAMEA,Galaxy Watch9,Graphite,,BLUETOOTH,
AE,SM-L345FZEAXSG,Galaxy Watch9,Cream,,LTE,O
AE,SM-L345FZKAXSG,Galaxy Watch9,Graphite,,LTE,
AE,SM-L350NZKAMEA,Galaxy Watch9,Graphite,,BLUETOOTH,O
AE,SM-L350NZSAMEA,Galaxy Watch9,Silver,,BLUETOOTH,
AE,SM-L355FZKAXSG,Galaxy Watch9,Graphite,,LTE,O
AE,SM-L355FZSAXSG,Galaxy Watch9,Silver,,LTE,
AE,SM-L715FZKAXSG,Galaxy Watch Ultra2,Titanium Gray,,LTE,
AE,SM-L715FZSAXSG,Galaxy Watch Ultra2,Titanium Silver,,LTE,O
AE_AR,SM-F776BLGOMEA,Galaxy Z Flip8,Mint,12GB,256GB,
AE_AR,SM-F776BLGPMEA,Galaxy Z Flip8,Mint,12GB,512GB,O
AE_AR,SM-F776BLIOMEA,Galaxy Z Flip8,Pink,12GB,256GB,
AE_AR,SM-F776BLIPMEA,Galaxy Z Flip8,Pink,12GB,512GB,O
AE_AR,SM-F776BZKOMEA,Galaxy Z Flip8,Graphite,12GB,256GB,
AE_AR,SM-F776BZKPMEA,Galaxy Z Flip8,Graphite,12GB,512GB,
AE_AR,SM-F776BZWOMEA,Galaxy Z Flip8,Cream,12GB,256GB,
AE_AR,SM-F776BZWPMEA,Galaxy Z Flip8,Cream,12GB,512GB,
AE_AR,SM-F971BLVIMEA,Galaxy Z Fold8,Lavender,12GB,256GB,
AE_AR,SM-F971BLVOMEA,Galaxy Z Fold8,Lavender,12GB,512GB,O
AE_AR,SM-F971BLVPMEA,Galaxy Z Fold8,Lavender,16GB,1TB,
AE_AR,SM-F971BZGIMEA,Galaxy Z Fold8,Pistachio,12GB,256GB,
AE_AR,SM-F971BZGOMEA,Galaxy Z Fold8,Pistachio,12GB,512GB,O
AE_AR,SM-F971BZGPMEA,Galaxy Z Fold8,Pistachio,16GB,1TB,
AE_AR,SM-F971BZKIMEA,Galaxy Z Fold8,Graphite,12GB,256GB,
AE_AR,SM-F971BZKOMEA,Galaxy Z Fold8,Graphite,12GB,512GB,
AE_AR,SM-F971BZKPMEA,Galaxy Z Fold8,Graphite,16GB,1TB,
AE_AR,SM-F971BZWIMEA,Galaxy Z Fold8,Cream,12GB,256GB,
AE_AR,SM-F971BZWOMEA,Galaxy Z Fold8,Cream,12GB,512GB,
AE_AR,SM-F971BZWPMEA,Galaxy Z Fold8,Cream,16GB,1TB,
AE_AR,SM-F976BDGIMEA,Galaxy Z Fold8 Ultra,Green Shadow,12GB,256GB,
AE_AR,SM-F976BDGOMEA,Galaxy Z Fold8 Ultra,Green Shadow,12GB,512GB,O
AE_AR,SM-F976BDGPMEA,Galaxy Z Fold8 Ultra,Green Shadow,16GB,1TB,
AE_AR,SM-F976BZKIMEA,Galaxy Z Fold8 Ultra,Graphite,12GB,256GB,
AE_AR,SM-F976BZKOMEA,Galaxy Z Fold8 Ultra,Graphite,12GB,512GB,
AE_AR,SM-F976BZKPMEA,Galaxy Z Fold8 Ultra,Graphite,16GB,1TB,
AE_AR,SM-F976BZVIMEA,Galaxy Z Fold8 Ultra,Violet Shadow,12GB,256GB,
AE_AR,SM-F976BZVOMEA,Galaxy Z Fold8 Ultra,Violet Shadow,12GB,512GB,O
AE_AR,SM-F976BZVPMEA,Galaxy Z Fold8 Ultra,Violet Shadow,16GB,1TB,
AE_AR,SM-F976BZWIMEA,Galaxy Z Fold8 Ultra,Cream,12GB,256GB,
AE_AR,SM-F976BZWOMEA,Galaxy Z Fold8 Ultra,Cream,12GB,512GB,
AE_AR,SM-F976BZWPMEA,Galaxy Z Fold8 Ultra,Cream,16GB,1TB,
AE_AR,SM-L340NZEAMEA,Galaxy Watch9,Cream,,BLUETOOTH,O
AE_AR,SM-L340NZKAMEA,Galaxy Watch9,Graphite,,BLUETOOTH,
AE_AR,SM-L345FZEAXSG,Galaxy Watch9,Cream,,LTE,O
AE_AR,SM-L345FZKAXSG,Galaxy Watch9,Graphite,,LTE,
AE_AR,SM-L350NZKAMEA,Galaxy Watch9,Graphite,,BLUETOOTH,O
AE_AR,SM-L350NZSAMEA,Galaxy Watch9,Silver,,BLUETOOTH,
AE_AR,SM-L355FZKAXSG,Galaxy Watch9,Graphite,,LTE,O
AE_AR,SM-L355FZSAXSG,Galaxy Watch9,Silver,,LTE,
AE_AR,SM-L715FZKAXSG,Galaxy Watch Ultra2,Titanium Gray,,LTE,
AE_AR,SM-L715FZSAXSG,Galaxy Watch Ultra2,Titanium Silver,,LTE,O
AT,SM-F776BLGGEUE,Galaxy Z Flip8,Mint,12GB,256GB,
AT,SM-F776BLGHEUE,Galaxy Z Flip8,Mint,12GB,512GB,O
AT,SM-F776BLIGEUE,Galaxy Z Flip8,Pink,12GB,256GB,
AT,SM-F776BLIHEUE,Galaxy Z Flip8,Pink,12GB,512GB,O
AT,SM-F776BZKGEUE,Galaxy Z Flip8,Graphite,12GB,256GB,
AT,SM-F776BZKHEUE,Galaxy Z Flip8,Graphite,12GB,512GB,
AT,SM-F776BZWGEUE,Galaxy Z Flip8,Cream,12GB,256GB,
AT,SM-F776BZWHEUE,Galaxy Z Flip8,Cream,12GB,512GB,
AT,SM-F971BLVBEUE,Galaxy Z Fold8,Lavender,12GB,256GB,
AT,SM-F971BLVCEUE,Galaxy Z Fold8,Lavender,12GB,512GB,O
AT,SM-F971BLVNEUE,Galaxy Z Fold8,Lavender,16GB,1TB,
AT,SM-F971BZGBEUE,Galaxy Z Fold8,Pistachio,12GB,256GB,
AT,SM-F971BZGCEUE,Galaxy Z Fold8,Pistachio,12GB,512GB,O
AT,SM-F971BZGNEUE,Galaxy Z Fold8,Pistachio,16GB,1TB,
AT,SM-F971BZKBEUE,Galaxy Z Fold8,Graphite,12GB,256GB,
AT,SM-F971BZKCEUE,Galaxy Z Fold8,Graphite,12GB,512GB,
AT,SM-F971BZKNEUE,Galaxy Z Fold8,Graphite,16GB,1TB,
AT,SM-F971BZWBEUE,Galaxy Z Fold8,Cream,12GB,256GB,
AT,SM-F971BZWCEUE,Galaxy Z Fold8,Cream,12GB,512GB,
AT,SM-F976BDGBEUE,Galaxy Z Fold8 Ultra,Green Shadow,12GB,256GB,
AT,SM-F976BDGCEUE,Galaxy Z Fold8 Ultra,Green Shadow,12GB,512GB,O
AT,SM-F976BDGNEUE,Galaxy Z Fold8 Ultra,Green Shadow,16GB,1TB,
AT,SM-F976BZKBEUE,Galaxy Z Fold8 Ultra,Graphite,12GB,256GB,
AT,SM-F976BZKCEUE,Galaxy Z Fold8 Ultra,Graphite,12GB,512GB,
AT,SM-F976BZKNEUE,Galaxy Z Fold8 Ultra,Graphite,16GB,1TB,
AT,SM-F976BZVBEUE,Galaxy Z Fold8 Ultra,Violet Shadow,12GB,256GB,
AT,SM-F976BZVCEUE,Galaxy Z Fold8 Ultra,Violet Shadow,12GB,512GB,O
AT,SM-F976BZVNEUE,Galaxy Z Fold8 Ultra,Violet Shadow,16GB,1TB,
AT,SM-F976BZWBEUE,Galaxy Z Fold8 Ultra,Cream,12GB,256GB,
AT,SM-F976BZWCEUE,Galaxy Z Fold8 Ultra,Cream,12GB,512GB,
AT,SM-F976BZWNEUE,Galaxy Z Fold8 Ultra,Cream,16GB,1TB,
AT,SM-L340NZEAEUE,Galaxy Watch9,Cream,,BLUETOOTH,O
AT,SM-L340NZKAEUE,Galaxy Watch9,Graphite,,BLUETOOTH,
AT,SM-L345FZEAEUE,Galaxy Watch9,Cream,,LTE,O
AT,SM-L345FZKAEUE,Galaxy Watch9,Graphite,,LTE,
AT,SM-L350NZKAEUE,Galaxy Watch9,Graphite,,BLUETOOTH,O
AT,SM-L350NZSAEUE,Galaxy Watch9,Silver,,BLUETOOTH,
AT,SM-L355FZKAEUE,Galaxy Watch9,Graphite,,LTE,O
AT,SM-L355FZSAEUE,Galaxy Watch9,Silver,,LTE,
AT,SM-L715FZKAEUE,Galaxy Watch Ultra2,Titanium Gray,,LTE,
AT,SM-L715FZSAEUE,Galaxy Watch Ultra2,Titanium Silver,,LTE,O
AU,SM-F776BLGAATS,Galaxy Z Flip8,Mint,12GB,256GB,O
AU,SM-F776BLGEATS,Galaxy Z Flip8,Mint,12GB,512GB,
AU,SM-F776BLIAATS,Galaxy Z Flip8,Pink,12GB,256GB,O
AU,SM-F776BLIEATS,Galaxy Z Flip8,Pink,12GB,512GB,
AU,SM-F776BZKAATS,Galaxy Z Flip8,Graphite,12GB,256GB,
AU,SM-F776BZKEATS,Galaxy Z Flip8,Graphite,12GB,512GB,
AU,SM-F776BZWAATS,Galaxy Z Flip8,Cream,12GB,256GB,
AU,SM-F776BZWEATS,Galaxy Z Flip8,Cream,12GB,512GB,
AU,SM-F971BLVDATS,Galaxy Z Fold8,Lavender,12GB,256GB,O
AU,SM-F971BLVGATS,Galaxy Z Fold8,Lavender,12GB,512GB,
AU,SM-F971BLVHATS,Galaxy Z Fold8,Lavender,16GB,1TB,
AU,SM-F971BZGDATS,Galaxy Z Fold8,Pistachio,12GB,256GB,O
AU,SM-F971BZGGATS,Galaxy Z Fold8,Pistachio,12GB,512GB,
AU,SM-F971BZGHATS,Galaxy Z Fold8,Pistachio,16GB,1TB,
AU,SM-F971BZKDATS,Galaxy Z Fold8,Graphite,12GB,256GB,
AU,SM-F971BZKGATS,Galaxy Z Fold8,Graphite,12GB,512GB,
AU,SM-F971BZKHATS,Galaxy Z Fold8,Graphite,16GB,1TB,
AU,SM-F971BZWDATS,Galaxy Z Fold8,Cream,12GB,256GB,
AU,SM-F971BZWGATS,Galaxy Z Fold8,Cream,12GB,512GB,
AU,SM-F971BZWHATS,Galaxy Z Fold8,Cream,16GB,1TB,
AU,SM-F976BDGDATS,Galaxy Z Fold8 Ultra,Green Shadow,12GB,256GB,O
AU,SM-F976BDGGATS,Galaxy Z Fold8 Ultra,Green Shadow,12GB,512GB,
AU,SM-F976BDGHATS,Galaxy Z Fold8 Ultra,Green Shadow,16GB,1TB,
AU,SM-F976BZKDATS,Galaxy Z Fold8 Ultra,Graphite,12GB,256GB,
AU,SM-F976BZKGATS,Galaxy Z Fold8 Ultra,Graphite,12GB,512GB,
AU,SM-F976BZKHATS,Galaxy Z Fold8 Ultra,Graphite,16GB,1TB,
AU,SM-F976BZVDATS,Galaxy Z Fold8 Ultra,Violet Shadow,12GB,256GB,O
AU,SM-F976BZVGATS,Galaxy Z Fold8 Ultra,Violet Shadow,12GB,512GB,
AU,SM-F976BZVHATS,Galaxy Z Fold8 Ultra,Violet Shadow,16GB,1TB,
AU,SM-F976BZWDATS,Galaxy Z Fold8 Ultra,Cream,12GB,256GB,
AU,SM-F976BZWGATS,Galaxy Z Fold8 Ultra,Cream,12GB,512GB,
AU,SM-F976BZWHATS,Galaxy Z Fold8 Ultra,Cream,16GB,1TB,
AU,SM-L340NZEAXSA,Galaxy Watch9,Cream,,BLUETOOTH,O
AU,SM-L340NZEDXSA,Galaxy Watch9,Cream,,BLUETOOTH,O
AU,SM-L340NZKAXSA,Galaxy Watch9,Graphite,,BLUETOOTH,
AU,SM-L340NZKDXSA,Galaxy Watch9,Graphite,,BLUETOOTH,
AU,SM-L345FZEAXSA,Galaxy Watch9,Cream,,LTE,O
AU,SM-L345FZEDXSA,Galaxy Watch9,Cream,,LTE,O
AU,SM-L345FZKAXSA,Galaxy Watch9,Graphite,,LTE,
AU,SM-L345FZKDXSA,Galaxy Watch9,Graphite,,LTE,
AU,SM-L350NZKAXSA,Galaxy Watch9,Graphite,,BLUETOOTH,O
AU,SM-L350NZKDXSA,Galaxy Watch9,Graphite,,BLUETOOTH,O
AU,SM-L350NZSAXSA,Galaxy Watch9,Silver,,BLUETOOTH,
AU,SM-L350NZSDXSA,Galaxy Watch9,Silver,,BLUETOOTH,
AU,SM-L355FZKAXSA,Galaxy Watch9,Graphite,,LTE,O
AU,SM-L355FZKDXSA,Galaxy Watch9,Graphite,,LTE,O
AU,SM-L355FZSAXSA,Galaxy Watch9,Silver,,LTE,
AU,SM-L355FZSDXSA,Galaxy Watch9,Silver,,LTE,
AU,SM-L715FZKAXSA,Galaxy Watch Ultra2,Titanium Gray,,LTE,
AU,SM-L715FZSAXSA,Galaxy Watch Ultra2,Titanium Silver,,LTE,O
BE,SM-F776BLGGEUB,Galaxy Z Flip8,Mint,12GB,256GB,O
BE,SM-F776BLGHEUB,Galaxy Z Flip8,Mint,12GB,512GB,
BE,SM-F776BLIGEUB,Galaxy Z Flip8,Pink,12GB,256GB,O
BE,SM-F776BLIHEUB,Galaxy Z Flip8,Pink,12GB,512GB,
BE,SM-F776BZKGEUB,Galaxy Z Flip8,Graphite,12GB,256GB,
BE,SM-F776BZKHEUB,Galaxy Z Flip8,Graphite,12GB,512GB,
BE,SM-F776BZWGEUB,Galaxy Z Flip8,Cream,12GB,256GB,
BE,SM-F776BZWHEUB,Galaxy Z Flip8,Cream,12GB,512GB,
BE,SM-F971BLVBEUB,Galaxy Z Fold8,Lavender,12GB,256GB,O
BE,SM-F971BLVCEUB,Galaxy Z Fold8,Lavender,12GB,512GB,
BE,SM-F971BLVNEUB,Galaxy Z Fold8,Lavender,16GB,1TB,
BE,SM-F971BZGBEUB,Galaxy Z Fold8,Pistachio,12GB,256GB,O
BE,SM-F971BZGCEUB,Galaxy Z Fold8,Pistachio,12GB,512GB,
BE,SM-F971BZGNEUB,Galaxy Z Fold8,Pistachio,16GB,1TB,
BE,SM-F971BZKBEUB,Galaxy Z Fold8,Graphite,12GB,256GB,
BE,SM-F971BZKCEUB,Galaxy Z Fold8,Graphite,12GB,512GB,
BE,SM-F971BZKNEUB,Galaxy Z Fold8,Graphite,16GB,1TB,
BE,SM-F971BZWBEUB,Galaxy Z Fold8,Cream,12GB,256GB,
BE,SM-F971BZWCEUB,Galaxy Z Fold8,Cream,12GB,512GB,
BE,SM-F971BZWNEUB,Galaxy Z Fold8,Cream,16GB,1TB,
BE,SM-F976BDGBEUB,Galaxy Z Fold8 Ultra,Green Shadow,12GB,256GB,O
BE,SM-F976BDGCEUB,Galaxy Z Fold8 Ultra,Green Shadow,12GB,512GB,
BE,SM-F976BDGNEUB,Galaxy Z Fold8 Ultra,Green Shadow,16GB,1TB,
BE,SM-F976BZKBEUB,Galaxy Z Fold8 Ultra,Graphite,12GB,256GB,
BE,SM-F976BZKCEUB,Galaxy Z Fold8 Ultra,Graphite,12GB,512GB,
BE,SM-F976BZKNEUB,Galaxy Z Fold8 Ultra,Graphite,16GB,1TB,
BE,SM-F976BZVBEUB,Galaxy Z Fold8 Ultra,Violet Shadow,12GB,256GB,O
BE,SM-F976BZVCEUB,Galaxy Z Fold8 Ultra,Violet Shadow,12GB,512GB,
BE,SM-F976BZVNEUB,Galaxy Z Fold8 Ultra,Violet Shadow,16GB,1TB,
BE,SM-F976BZWBEUB,Galaxy Z Fold8 Ultra,Cream,12GB,256GB,
BE,SM-F976BZWCEUB,Galaxy Z Fold8 Ultra,Cream,12GB,512GB,
BE,SM-F976BZWNEUB,Galaxy Z Fold8 Ultra,Cream,16GB,1TB,
BE,SM-L340NZEAEUB,Galaxy Watch9,Cream,,BLUETOOTH,O
BE,SM-L340NZEDWEU,Galaxy Watch9,Cream,,BLUETOOTH,O
BE,SM-L340NZKAEUB,Galaxy Watch9,Graphite,,BLUETOOTH,
BE,SM-L345FZEAEUB,Galaxy Watch9,Cream,,LTE,O
BE,SM-L345FZKAEUB,Galaxy Watch9,Graphite,,LTE,
BE,SM-L350NZKAEUB,Galaxy Watch9,Graphite,,BLUETOOTH,O
BE,SM-L350NZKDWEU,Galaxy Watch9,Graphite,,BLUETOOTH,O
BE,SM-L350NZSAEUB,Galaxy Watch9,Silver,,BLUETOOTH,
BE,SM-L350NZSDWEU,Galaxy Watch9,Silver,,BLUETOOTH,
BE,SM-L355FZKAEUB,Galaxy Watch9,Graphite,,LTE,O
BE,SM-L355FZSAEUB,Galaxy Watch9,Silver,,LTE,
BE,SM-L715FZKAEUB,Galaxy Watch Ultra2,Titanium Gray,,LTE,
BE,SM-L715FZSAEUB,Galaxy Watch Ultra2,Titanium Silver,,LTE,O
BE_FR,SM-F776BLGGEUB,Galaxy Z Flip8,Mint,12GB,256GB,O
BE_FR,SM-F776BLGHEUB,Galaxy Z Flip8,Mint,12GB,512GB,
BE_FR,SM-F776BLIGEUB,Galaxy Z Flip8,Pink,12GB,256GB,O
BE_FR,SM-F776BLIHEUB,Galaxy Z Flip8,Pink,12GB,512GB,
BE_FR,SM-F776BZKGEUB,Galaxy Z Flip8,Graphite,12GB,256GB,
BE_FR,SM-F776BZKHEUB,Galaxy Z Flip8,Graphite,12GB,512GB,
BE_FR,SM-F776BZWGEUB,Galaxy Z Flip8,Cream,12GB,256GB,
BE_FR,SM-F776BZWHEUB,Galaxy Z Flip8,Cream,12GB,512GB,
BE_FR,SM-F971BLVBEUB,Galaxy Z Fold8,Lavender,12GB,256GB,O
BE_FR,SM-F971BLVCEUB,Galaxy Z Fold8,Lavender,12GB,512GB,
BE_FR,SM-F971BLVNEUB,Galaxy Z Fold8,Lavender,16GB,1TB,
BE_FR,SM-F971BZGBEUB,Galaxy Z Fold8,Pistachio,12GB,256GB,O
BE_FR,SM-F971BZGCEUB,Galaxy Z Fold8,Pistachio,12GB,512GB,
BE_FR,SM-F971BZGNEUB,Galaxy Z Fold8,Pistachio,16GB,1TB,
BE_FR,SM-F971BZKBEUB,Galaxy Z Fold8,Graphite,12GB,256GB,
BE_FR,SM-F971BZKCEUB,Galaxy Z Fold8,Graphite,12GB,512GB,
BE_FR,SM-F971BZKNEUB,Galaxy Z Fold8,Graphite,16GB,1TB,
BE_FR,SM-F971BZWBEUB,Galaxy Z Fold8,Cream,12GB,256GB,
BE_FR,SM-F971BZWCEUB,Galaxy Z Fold8,Cream,12GB,512GB,
BE_FR,SM-F971BZWNEUB,Galaxy Z Fold8,Cream,16GB,1TB,
BE_FR,SM-F976BDGBEUB,Galaxy Z Fold8 Ultra,Green Shadow,12GB,256GB,O
BE_FR,SM-F976BDGCEUB,Galaxy Z Fold8 Ultra,Green Shadow,12GB,512GB,
BE_FR,SM-F976BDGNEUB,Galaxy Z Fold8 Ultra,Green Shadow,16GB,1TB,
BE_FR,SM-F976BZKBEUB,Galaxy Z Fold8 Ultra,Graphite,12GB,256GB,
BE_FR,SM-F976BZKCEUB,Galaxy Z Fold8 Ultra,Graphite,12GB,512GB,
BE_FR,SM-F976BZKNEUB,Galaxy Z Fold8 Ultra,Graphite,16GB,1TB,
BE_FR,SM-F976BZVBEUB,Galaxy Z Fold8 Ultra,Violet Shadow,12GB,256GB,O
BE_FR,SM-F976BZVCEUB,Galaxy Z Fold8 Ultra,Violet Shadow,12GB,512GB,
BE_FR,SM-F976BZVNEUB,Galaxy Z Fold8 Ultra,Violet Shadow,16GB,1TB,
BE_FR,SM-F976BZWBEUB,Galaxy Z Fold8 Ultra,Cream,12GB,256GB,
BE_FR,SM-F976BZWCEUB,Galaxy Z Fold8 Ultra,Cream,12GB,512GB,
BE_FR,SM-F976BZWNEUB,Galaxy Z Fold8 Ultra,Cream,16GB,1TB,
BE_FR,SM-L340NZEAEUB,Galaxy Watch9,Cream,,BLUETOOTH,O
BE_FR,SM-L340NZEDWEU,Galaxy Watch9,Cream,,BLUETOOTH,O
BE_FR,SM-L340NZKAEUB,Galaxy Watch9,Graphite,,BLUETOOTH,
BE_FR,SM-L345FZEAEUB,Galaxy Watch9,Cream,,LTE,O
BE_FR,SM-L345FZKAEUB,Galaxy Watch9,Graphite,,LTE,
BE_FR,SM-L350NZKAEUB,Galaxy Watch9,Graphite,,BLUETOOTH,O
BE_FR,SM-L350NZKDWEU,Galaxy Watch9,Graphite,,BLUETOOTH,O
BE_FR,SM-L350NZSAEUB,Galaxy Watch9,Silver,,BLUETOOTH,
BE_FR,SM-L350NZSDWEU,Galaxy Watch9,Silver,,BLUETOOTH,
BE_FR,SM-L355FZKAEUB,Galaxy Watch9,Graphite,,LTE,O
BE_FR,SM-L355FZSAEUB,Galaxy Watch9,Silver,,LTE,
BE_FR,SM-L715FZKAEUB,Galaxy Watch Ultra2,Titanium Gray,,LTE,
BE_FR,SM-L715FZSAEUB,Galaxy Watch Ultra2,Titanium Silver,,LTE,O
CA,SM-F776WLGAXAC,Galaxy Z Flip8,Mint,12GB,256GB,O
CA,SM-F776WLGEXAC,Galaxy Z Flip8,Mint,12GB,512GB,
CA,SM-F776WLIAXAC,Galaxy Z Flip8,Pink,12GB,256GB,O
CA,SM-F776WLIEXAC,Galaxy Z Flip8,Pink,12GB,512GB,
CA,SM-F776WZKAXAC,Galaxy Z Flip8,Graphite,12GB,256GB,
CA,SM-F776WZKEXAC,Galaxy Z Flip8,Graphite,12GB,512GB,
CA,SM-F776WZWAXAC,Galaxy Z Flip8,Cream,12GB,256GB,
CA,SM-F776WZWEXAC,Galaxy Z Flip8,Cream,12GB,512GB,
CA,SM-F971WLVAXAC,Galaxy Z Fold8,Lavender,12GB,256GB,O
CA,SM-F971WLVEXAC,Galaxy Z Fold8,Lavender,12GB,512GB,
CA,SM-F971WLVFXAC,Galaxy Z Fold8,Lavender,16GB,1TB,
CA,SM-F971WZGAXAC,Galaxy Z Fold8,Pistachio,12GB,256GB,O
CA,SM-F971WZGEXAC,Galaxy Z Fold8,Pistachio,12GB,512GB,
CA,SM-F971WZKAXAC,Galaxy Z Fold8,Graphite,12GB,256GB,
CA,SM-F971WZKEXAC,Galaxy Z Fold8,Graphite,12GB,512GB,
CA,SM-F971WZKFXAC,Galaxy Z Fold8,Graphite,16GB,1TB,
CA,SM-F971WZWAXAC,Galaxy Z Fold8,Cream,12GB,256GB,
CA,SM-F971WZWEXAC,Galaxy Z Fold8,Cream,12GB,512GB,
CA,SM-F976WDGAXAC,Galaxy Z Fold8 Ultra,Green Shadow,12GB,256GB,O
CA,SM-F976WDGEXAC,Galaxy Z Fold8 Ultra,Green Shadow,12GB,512GB,
CA,SM-F976WZKAXAC,Galaxy Z Fold8 Ultra,Graphite,12GB,256GB,
CA,SM-F976WZKEXAC,Galaxy Z Fold8 Ultra,Graphite,12GB,512GB,
CA,SM-F976WZKFXAC,Galaxy Z Fold8 Ultra,Graphite,16GB,1TB,
CA,SM-F976WZVAXAC,Galaxy Z Fold8 Ultra,Violet Shadow,12GB,256GB,O
CA,SM-F976WZVEXAC,Galaxy Z Fold8 Ultra,Violet Shadow,12GB,512GB,
CA,SM-F976WZVFXAC,Galaxy Z Fold8 Ultra,Violet Shadow,16GB,1TB,
CA,SM-F976WZWAXAC,Galaxy Z Fold8 Ultra,Cream,12GB,256GB,
CA,SM-F976WZWEXAC,Galaxy Z Fold8 Ultra,Cream,12GB,512GB,
CA,SM-L340NZEAXAC,Galaxy Watch9,Cream,,BLUETOOTH,O
CA,SM-L340NZEDXAC,Galaxy Watch9,Cream,,BLUETOOTH,O
CA,SM-L340NZKAXAC,Galaxy Watch9,Graphite,,BLUETOOTH,
CA,SM-L340NZKDXAC,Galaxy Watch9,Graphite,,BLUETOOTH,
CA,SM-L345FZEAXAC,Galaxy Watch9,Cream,,LTE,O
CA,SM-L345FZKAXAC,Galaxy Watch9,Graphite,,LTE,
CA,SM-L350NZKAXAC,Galaxy Watch9,Graphite,,BLUETOOTH,O
CA,SM-L350NZKDXAC,Galaxy Watch9,Graphite,,BLUETOOTH,O
CA,SM-L350NZSAXAC,Galaxy Watch9,Silver,,BLUETOOTH,
CA,SM-L350NZSDXAC,Galaxy Watch9,Silver,,BLUETOOTH,
CA,SM-L355FZKAXAC,Galaxy Watch9,Graphite,,LTE,O
CA,SM-L355FZSAXAC,Galaxy Watch9,Silver,,LTE,
CA,SM-L715FZKAXAC,Galaxy Watch Ultra2,Titanium Gray,,LTE,
CA,SM-L715FZKDXAC,Galaxy Watch Ultra2,Titanium Gray,,LTE,
CA,SM-L715FZSAXAC,Galaxy Watch Ultra2,Titanium Silver,,LTE,O
CA,SM-L715FZSDXAC,Galaxy Watch Ultra2,Titanium Silver,,LTE,O
CA_FR,SM-F776WLGAXAC,Galaxy Z Flip8,Mint,12GB,256GB,O
CA_FR,SM-F776WLGEXAC,Galaxy Z Flip8,Mint,12GB,512GB,
CA_FR,SM-F776WLIAXAC,Galaxy Z Flip8,Pink,12GB,256GB,O
CA_FR,SM-F776WLIEXAC,Galaxy Z Flip8,Pink,12GB,512GB,
CA_FR,SM-F776WZKAXAC,Galaxy Z Flip8,Graphite,12GB,256GB,
CA_FR,SM-F776WZKEXAC,Galaxy Z Flip8,Graphite,12GB,512GB,
CA_FR,SM-F776WZWAXAC,Galaxy Z Flip8,Cream,12GB,256GB,
CA_FR,SM-F776WZWEXAC,Galaxy Z Flip8,Cream,12GB,512GB,
CA_FR,SM-F971WLVAXAC,Galaxy Z Fold8,Lavender,12GB,256GB,O
CA_FR,SM-F971WLVEXAC,Galaxy Z Fold8,Lavender,12GB,512GB,
CA_FR,SM-F971WLVFXAC,Galaxy Z Fold8,Lavender,16GB,1TB,
CA_FR,SM-F971WZGAXAC,Galaxy Z Fold8,Pistachio,12GB,256GB,O
CA_FR,SM-F971WZGEXAC,Galaxy Z Fold8,Pistachio,12GB,512GB,
CA_FR,SM-F971WZKAXAC,Galaxy Z Fold8,Graphite,12GB,256GB,
CA_FR,SM-F971WZKEXAC,Galaxy Z Fold8,Graphite,12GB,512GB,
CA_FR,SM-F971WZKFXAC,Galaxy Z Fold8,Graphite,16GB,1TB,
CA_FR,SM-F971WZWAXAC,Galaxy Z Fold8,Cream,12GB,256GB,
CA_FR,SM-F971WZWEXAC,Galaxy Z Fold8,Cream,12GB,512GB,
CA_FR,SM-F976WDGAXAC,Galaxy Z Fold8 Ultra,Green Shadow,12GB,256GB,O
CA_FR,SM-F976WDGEXAC,Galaxy Z Fold8 Ultra,Green Shadow,12GB,512GB,
CA_FR,SM-F976WZKAXAC,Galaxy Z Fold8 Ultra,Graphite,12GB,256GB,
CA_FR,SM-F976WZKEXAC,Galaxy Z Fold8 Ultra,Graphite,12GB,512GB,
CA_FR,SM-F976WZKFXAC,Galaxy Z Fold8 Ultra,Graphite,16GB,1TB,
CA_FR,SM-F976WZVAXAC,Galaxy Z Fold8 Ultra,Violet Shadow,12GB,256GB,O
CA_FR,SM-F976WZVEXAC,Galaxy Z Fold8 Ultra,Violet Shadow,12GB,512GB,
CA_FR,SM-F976WZVFXAC,Galaxy Z Fold8 Ultra,Violet Shadow,16GB,1TB,
CA_FR,SM-F976WZWAXAC,Galaxy Z Fold8 Ultra,Cream,12GB,256GB,
CA_FR,SM-F976WZWEXAC,Galaxy Z Fold8 Ultra,Cream,12GB,512GB,
CA_FR,SM-L340NZEAXAC,Galaxy Watch9,Cream,,BLUETOOTH,O
CA_FR,SM-L340NZEDXAC,Galaxy Watch9,Cream,,BLUETOOTH,O
CA_FR,SM-L340NZKAXAC,Galaxy Watch9,Graphite,,BLUETOOTH,
CA_FR,SM-L340NZKDXAC,Galaxy Watch9,Graphite,,BLUETOOTH,
CA_FR,SM-L345FZEAXAC,Galaxy Watch9,Cream,,LTE,O
CA_FR,SM-L345FZKAXAC,Galaxy Watch9,Graphite,,LTE,
CA_FR,SM-L350NZKAXAC,Galaxy Watch9,Graphite,,BLUETOOTH,O
CA_FR,SM-L350NZKDXAC,Galaxy Watch9,Graphite,,BLUETOOTH,O
CA_FR,SM-L350NZSAXAC,Galaxy Watch9,Silver,,BLUETOOTH,
CA_FR,SM-L350NZSDXAC,Galaxy Watch9,Silver,,BLUETOOTH,
CA_FR,SM-L355FZKAXAC,Galaxy Watch9,Graphite,,LTE,O
CA_FR,SM-L355FZSAXAC,Galaxy Watch9,Silver,,LTE,
CA_FR,SM-L715FZKAXAC,Galaxy Watch Ultra2,Titanium Gray,,LTE,
CA_FR,SM-L715FZKDXAC,Galaxy Watch Ultra2,Titanium Gray,,LTE,
CA_FR,SM-L715FZSAXAC,Galaxy Watch Ultra2,Titanium Silver,,LTE,O
CA_FR,SM-L715FZSDXAC,Galaxy Watch Ultra2,Titanium Silver,,LTE,O
CN,SM-F7760LGACHC,Galaxy Z Flip8,Mint,12GB,256GB,O
CN,SM-F7760LGECHC,Galaxy Z Flip8,Mint,12GB,512GB,
CN,SM-F7760LIACHC,Galaxy Z Flip8,Pink,12GB,256GB,O
CN,SM-F7760LIECHC,Galaxy Z Flip8,Pink,12GB,512GB,
CN,SM-F7760ZKACHC,Galaxy Z Flip8,Graphite,12GB,256GB,
CN,SM-F7760ZKECHC,Galaxy Z Flip8,Graphite,12GB,512GB,
CN,SM-F7760ZWACHC,Galaxy Z Flip8,Cream,12GB,256GB,
CN,SM-F7760ZWECHC,Galaxy Z Flip8,Cream,12GB,512GB,
CN,SM-F9710LVDCHC,Galaxy Z Fold8,Lavender,12GB,256GB,O
CN,SM-F9710LVGCHC,Galaxy Z Fold8,Lavender,12GB,512GB,
CN,SM-F9710LVHCHC,Galaxy Z Fold8,Lavender,16GB,1TB,
CN,SM-F9710ZGDCHC,Galaxy Z Fold8,Pistachio,12GB,256GB,O
CN,SM-F9710ZGGCHC,Galaxy Z Fold8,Pistachio,12GB,512GB,
CN,SM-F9710ZGHCHC,Galaxy Z Fold8,Pistachio,16GB,1TB,
CN,SM-F9710ZKDCHC,Galaxy Z Fold8,Graphite,12GB,256GB,
CN,SM-F9710ZKGCHC,Galaxy Z Fold8,Graphite,12GB,512GB,
CN,SM-F9710ZKHCHC,Galaxy Z Fold8,Graphite,16GB,1TB,
CN,SM-F9710ZWDCHC,Galaxy Z Fold8,Cream,12GB,256GB,
CN,SM-F9710ZWGCHC,Galaxy Z Fold8,Cream,12GB,512GB,
CN,SM-F9710ZWHCHC,Galaxy Z Fold8,Cream,16GB,1TB,
CN,SM-F9760DGDCHC,Galaxy Z Fold8 Ultra,Green Shadow,12GB,256GB,O
CN,SM-F9760DGGCHC,Galaxy Z Fold8 Ultra,Green Shadow,12GB,512GB,
CN,SM-F9760DGHCHC,Galaxy Z Fold8 Ultra,Green Shadow,16GB,1TB,
CN,SM-F9760ZKDCHC,Galaxy Z Fold8 Ultra,Graphite,12GB,256GB,
CN,SM-F9760ZKGCHC,Galaxy Z Fold8 Ultra,Graphite,12GB,512GB,
CN,SM-F9760ZKHCHC,Galaxy Z Fold8 Ultra,Graphite,16GB,1TB,
CN,SM-F9760ZVDCHC,Galaxy Z Fold8 Ultra,Violet Shadow,12GB,256GB,O
CN,SM-F9760ZVGCHC,Galaxy Z Fold8 Ultra,Violet Shadow,12GB,512GB,
CN,SM-F9760ZVHCHC,Galaxy Z Fold8 Ultra,Violet Shadow,16GB,1TB,
CN,SM-F9760ZWDCHC,Galaxy Z Fold8 Ultra,Cream,12GB,256GB,
CN,SM-F9760ZWGCHC,Galaxy Z Fold8 Ultra,Cream,12GB,512GB,
CN,SM-F9760ZWHCHC,Galaxy Z Fold8 Ultra,Cream,16GB,1TB,
CN,SM-L340NZEACHC,Galaxy Watch9,Cream,,BLUETOOTH,O
CN,SM-L340NZKACHC,Galaxy Watch9,Graphite,,BLUETOOTH,
CN,SM-L350NZKACHC,Galaxy Watch9,Graphite,,BLUETOOTH,O
CN,SM-L350NZSACHC,Galaxy Watch9,Silver,,BLUETOOTH,
CN,SM-L3550ZKACHC,Galaxy Watch9,Graphite,,LTE,O
CN,SM-L3550ZSACHC,Galaxy Watch9,Silver,,LTE,
CN,SM-L7150ZKACHC,Galaxy Watch Ultra2,Titanium Gray,,LTE,
CN,SM-L7150ZSACHC,Galaxy Watch Ultra2,Titanium Silver,,LTE,O
CZ,SM-F776BLGGEUE,Galaxy Z Flip8,Mint,12GB,256GB,
CZ,SM-F776BLGHEUE,Galaxy Z Flip8,Mint,12GB,512GB,O
CZ,SM-F776BLIGEUE,Galaxy Z Flip8,Pink,12GB,256GB,O
CZ,SM-F776BLIHEUE,Galaxy Z Flip8,Pink,12GB,512GB,
CZ,SM-F776BZKGEUE,Galaxy Z Flip8,Graphite,12GB,256GB,
CZ,SM-F776BZKHEUE,Galaxy Z Flip8,Graphite,12GB,512GB,
CZ,SM-F776BZWGEUE,Galaxy Z Flip8,Cream,12GB,256GB,
CZ,SM-F776BZWHEUE,Galaxy Z Flip8,Cream,12GB,512GB,
CZ,SM-F971BLVBEUE,Galaxy Z Fold8,Lavender,12GB,256GB,O
CZ,SM-F971BLVCEUE,Galaxy Z Fold8,Lavender,12GB,512GB,
CZ,SM-F971BLVNEUE,Galaxy Z Fold8,Lavender,16GB,1TB,
CZ,SM-F971BZGBEUE,Galaxy Z Fold8,Pistachio,12GB,256GB,
CZ,SM-F971BZGCEUE,Galaxy Z Fold8,Pistachio,12GB,512GB,O
CZ,SM-F971BZGNEUE,Galaxy Z Fold8,Pistachio,16GB,1TB,
CZ,SM-F971BZKBEUE,Galaxy Z Fold8,Graphite,12GB,256GB,
CZ,SM-F971BZKCEUE,Galaxy Z Fold8,Graphite,12GB,512GB,
CZ,SM-F971BZKNEUE,Galaxy Z Fold8,Graphite,16GB,1TB,
CZ,SM-F971BZWBEUE,Galaxy Z Fold8,Cream,12GB,256GB,
CZ,SM-F971BZWCEUE,Galaxy Z Fold8,Cream,12GB,512GB,
CZ,SM-F971BZWNEUE,Galaxy Z Fold8,Cream,16GB,1TB,
CZ,SM-F976BDGBEUE,Galaxy Z Fold8 Ultra,Green Shadow,12GB,256GB,
CZ,SM-F976BDGCEUE,Galaxy Z Fold8 Ultra,Green Shadow,12GB,512GB,O
CZ,SM-F976BDGNEUE,Galaxy Z Fold8 Ultra,Green Shadow,16GB,1TB,
CZ,SM-F976BZKBEUE,Galaxy Z Fold8 Ultra,Graphite,12GB,256GB,
CZ,SM-F976BZKCEUE,Galaxy Z Fold8 Ultra,Graphite,12GB,512GB,
CZ,SM-F976BZKNEUE,Galaxy Z Fold8 Ultra,Graphite,16GB,1TB,
CZ,SM-F976BZVBEUE,Galaxy Z Fold8 Ultra,Violet Shadow,12GB,256GB,O
CZ,SM-F976BZVCEUE,Galaxy Z Fold8 Ultra,Violet Shadow,12GB,512GB,
CZ,SM-F976BZVNEUE,Galaxy Z Fold8 Ultra,Violet Shadow,16GB,1TB,
CZ,SM-F976BZWBEUE,Galaxy Z Fold8 Ultra,Cream,12GB,256GB,
CZ,SM-F976BZWCEUE,Galaxy Z Fold8 Ultra,Cream,12GB,512GB,
CZ,SM-F976BZWNEUE,Galaxy Z Fold8 Ultra,Cream,16GB,1TB,
CZ,SM-L340NZEAEUE,Galaxy Watch9,Cream,,BLUETOOTH,O
CZ,SM-L340NZKAEUE,Galaxy Watch9,Graphite,,BLUETOOTH,
CZ,SM-L345FZEAEUE,Galaxy Watch9,Cream,,LTE,
CZ,SM-L345FZKAEUE,Galaxy Watch9,Graphite,,LTE,O
CZ,SM-L350NZKAEUE,Galaxy Watch9,Graphite,,BLUETOOTH,O
CZ,SM-L350NZSAEUE,Galaxy Watch9,Silver,,BLUETOOTH,
CZ,SM-L355FZKAEUE,Galaxy Watch9,Graphite,,LTE,O
CZ,SM-L355FZSAEUE,Galaxy Watch9,Silver,,LTE,
CZ,SM-L715FZKAEUE,Galaxy Watch Ultra2,Titanium Gray,,LTE,
CZ,SM-L715FZSAEUE,Galaxy Watch Ultra2,Titanium Silver,,LTE,O
DE,SM-F776BLGGEUB,Galaxy Z Flip8,Mint,12GB,256GB,O
DE,SM-F776BLGHEUB,Galaxy Z Flip8,Mint,12GB,512GB,
DE,SM-F776BLIGEUB,Galaxy Z Flip8,Pink,12GB,256GB,O
DE,SM-F776BLIHEUB,Galaxy Z Flip8,Pink,12GB,512GB,
DE,SM-F776BZKGEUB,Galaxy Z Flip8,Graphite,12GB,256GB,
DE,SM-F776BZKHEUB,Galaxy Z Flip8,Graphite,12GB,512GB,
DE,SM-F776BZWGEUB,Galaxy Z Flip8,Cream,12GB,256GB,
DE,SM-F776BZWHEUB,Galaxy Z Flip8,Cream,12GB,512GB,
DE,SM-F971BLVBEUB,Galaxy Z Fold8,Lavender,12GB,256GB,O
DE,SM-F971BLVCEUB,Galaxy Z Fold8,Lavender,12GB,512GB,
DE,SM-F971BLVNEUB,Galaxy Z Fold8,Lavender,16GB,1TB,
DE,SM-F971BZGBEUB,Galaxy Z Fold8,Pistachio,12GB,256GB,O
DE,SM-F971BZGCEUB,Galaxy Z Fold8,Pistachio,12GB,512GB,
DE,SM-F971BZGNEUB,Galaxy Z Fold8,Pistachio,16GB,1TB,
DE,SM-F971BZKBEUB,Galaxy Z Fold8,Graphite,12GB,256GB,
DE,SM-F971BZKCEUB,Galaxy Z Fold8,Graphite,12GB,512GB,
DE,SM-F971BZKNEUB,Galaxy Z Fold8,Graphite,16GB,1TB,
DE,SM-F971BZWBEUB,Galaxy Z Fold8,Cream,12GB,256GB,
DE,SM-F971BZWCEUB,Galaxy Z Fold8,Cream,12GB,512GB,
DE,SM-F971BZWNEUB,Galaxy Z Fold8,Cream,16GB,1TB,
DE,SM-F976BDGBEUB,Galaxy Z Fold8 Ultra,Green Shadow,12GB,256GB,O
DE,SM-F976BDGCEUB,Galaxy Z Fold8 Ultra,Green Shadow,12GB,512GB,
DE,SM-F976BDGNEUB,Galaxy Z Fold8 Ultra,Green Shadow,16GB,1TB,
DE,SM-F976BZKBEUB,Galaxy Z Fold8 Ultra,Graphite,12GB,256GB,
DE,SM-F976BZKCEUB,Galaxy Z Fold8 Ultra,Graphite,12GB,512GB,
DE,SM-F976BZKNEUB,Galaxy Z Fold8 Ultra,Graphite,16GB,1TB,
DE,SM-F976BZVBEUB,Galaxy Z Fold8 Ultra,Violet Shadow,12GB,256GB,O
DE,SM-F976BZVCEUB,Galaxy Z Fold8 Ultra,Violet Shadow,12GB,512GB,
DE,SM-F976BZVNEUB,Galaxy Z Fold8 Ultra,Violet Shadow,16GB,1TB,
DE,SM-F976BZWBEUB,Galaxy Z Fold8 Ultra,Cream,12GB,256GB,
DE,SM-F976BZWCEUB,Galaxy Z Fold8 Ultra,Cream,12GB,512GB,
DE,SM-F976BZWNEUB,Galaxy Z Fold8 Ultra,Cream,16GB,1TB,
DE,SM-L340NZEAEUB,Galaxy Watch9,Cream,,BLUETOOTH,O
DE,SM-L340NZEDWEU,Galaxy Watch9,Cream,,BLUETOOTH,O
DE,SM-L340NZKAEUB,Galaxy Watch9,Graphite,,BLUETOOTH,
DE,SM-L340NZKDWEU,Galaxy Watch9,Graphite,,BLUETOOTH,
DE,SM-L345FZEAEUB,Galaxy Watch9,Cream,,LTE,O
DE,SM-L345FZKAEUB,Galaxy Watch9,Graphite,,LTE,
DE,SM-L350NZKAEUB,Galaxy Watch9,Graphite,,BLUETOOTH,O
DE,SM-L350NZKDWEU,Galaxy Watch9,Graphite,,BLUETOOTH,O
DE,SM-L350NZSAEUB,Galaxy Watch9,Silver,,BLUETOOTH,
DE,SM-L350NZSDWEU,Galaxy Watch9,Silver,,BLUETOOTH,
DE,SM-L355FZKAEUB,Galaxy Watch9,Graphite,,LTE,O
DE,SM-L355FZSAEUB,Galaxy Watch9,Silver,,LTE,
DE,SM-L715FZKAEUB,Galaxy Watch Ultra2,Titanium Gray,,LTE,
DE,SM-L715FZSAEUB,Galaxy Watch Ultra2,Titanium Silver,,LTE,O
ES,SM-F776BLGGEUB,Galaxy Z Flip8,Mint,12GB,256GB,O
ES,SM-F776BLGHEUB,Galaxy Z Flip8,Mint,12GB,512GB,
ES,SM-F776BLIGEUB,Galaxy Z Flip8,Pink,12GB,256GB,O
ES,SM-F776BLIHEUB,Galaxy Z Flip8,Pink,12GB,512GB,
ES,SM-F776BZKGEUB,Galaxy Z Flip8,Graphite,12GB,256GB,
ES,SM-F776BZKHEUB,Galaxy Z Flip8,Graphite,12GB,512GB,
ES,SM-F776BZWGEUB,Galaxy Z Flip8,Cream,12GB,256GB,
ES,SM-F776BZWHEUB,Galaxy Z Flip8,Cream,12GB,512GB,
ES,SM-F971BLVBEUB,Galaxy Z Fold8,Lavender,12GB,256GB,O
ES,SM-F971BLVCEUB,Galaxy Z Fold8,Lavender,12GB,512GB,
ES,SM-F971BLVNEUB,Galaxy Z Fold8,Lavender,16GB,1TB,
ES,SM-F971BZGBEUB,Galaxy Z Fold8,Pistachio,12GB,256GB,O
ES,SM-F971BZGCEUB,Galaxy Z Fold8,Pistachio,12GB,512GB,
ES,SM-F971BZGNEUB,Galaxy Z Fold8,Pistachio,16GB,1TB,
ES,SM-F971BZKBEUB,Galaxy Z Fold8,Graphite,12GB,256GB,
ES,SM-F971BZKCEUB,Galaxy Z Fold8,Graphite,12GB,512GB,
ES,SM-F971BZKNEUB,Galaxy Z Fold8,Graphite,16GB,1TB,
ES,SM-F971BZWBEUB,Galaxy Z Fold8,Cream,12GB,256GB,
ES,SM-F971BZWCEUB,Galaxy Z Fold8,Cream,12GB,512GB,
ES,SM-F971BZWNEUB,Galaxy Z Fold8,Cream,16GB,1TB,
ES,SM-F976BDGBEUB,Galaxy Z Fold8 Ultra,Green Shadow,12GB,256GB,O
ES,SM-F976BDGCEUB,Galaxy Z Fold8 Ultra,Green Shadow,12GB,512GB,
ES,SM-F976BDGNEUB,Galaxy Z Fold8 Ultra,Green Shadow,16GB,1TB,
ES,SM-F976BZKBEUB,Galaxy Z Fold8 Ultra,Graphite,12GB,256GB,
ES,SM-F976BZKCEUB,Galaxy Z Fold8 Ultra,Graphite,12GB,512GB,
ES,SM-F976BZKNEUB,Galaxy Z Fold8 Ultra,Graphite,16GB,1TB,
ES,SM-F976BZVBEUB,Galaxy Z Fold8 Ultra,Violet Shadow,12GB,256GB,O
ES,SM-F976BZVCEUB,Galaxy Z Fold8 Ultra,Violet Shadow,12GB,512GB,
ES,SM-F976BZVNEUB,Galaxy Z Fold8 Ultra,Violet Shadow,16GB,1TB,
ES,SM-F976BZWBEUB,Galaxy Z Fold8 Ultra,Cream,12GB,256GB,
ES,SM-F976BZWCEUB,Galaxy Z Fold8 Ultra,Cream,12GB,512GB,
ES,SM-F976BZWNEUB,Galaxy Z Fold8 Ultra,Cream,16GB,1TB,
ES,SM-L340NZEAEUB,Galaxy Watch9,Cream,,BLUETOOTH,O
ES,SM-L340NZEDWEU,Galaxy Watch9,Cream,,BLUETOOTH,O
ES,SM-L340NZKAEUB,Galaxy Watch9,Graphite,,BLUETOOTH,
ES,SM-L340NZKDWEU,Galaxy Watch9,Graphite,,BLUETOOTH,
ES,SM-L345FZEAEUB,Galaxy Watch9,Cream,,LTE,O
ES,SM-L345FZKAEUB,Galaxy Watch9,Graphite,,LTE,
ES,SM-L350NZKAEUB,Galaxy Watch9,Graphite,,BLUETOOTH,O
ES,SM-L350NZKDWEU,Galaxy Watch9,Graphite,,BLUETOOTH,O
ES,SM-L350NZSAEUB,Galaxy Watch9,Silver,,BLUETOOTH,
ES,SM-L350NZSDWEU,Galaxy Watch9,Silver,,BLUETOOTH,
ES,SM-L355FZKAEUB,Galaxy Watch9,Graphite,,LTE,O
ES,SM-L355FZSAEUB,Galaxy Watch9,Silver,,LTE,
ES,SM-L715FZKAEUB,Galaxy Watch Ultra2,Titanium Gray,,LTE,
ES,SM-L715FZSAEUB,Galaxy Watch Ultra2,Titanium Silver,,LTE,O
FR,SM-F776BLGGEUB,Galaxy Z Flip8,Mint,12GB,256GB,
FR,SM-F776BLGHEUB,Galaxy Z Flip8,Mint,12GB,512GB,O
FR,SM-F776BLIGEUB,Galaxy Z Flip8,Pink,12GB,256GB,
FR,SM-F776BLIHEUB,Galaxy Z Flip8,Pink,12GB,512GB,O
FR,SM-F776BZKGEUB,Galaxy Z Flip8,Graphite,12GB,256GB,
FR,SM-F776BZKHEUB,Galaxy Z Flip8,Graphite,12GB,512GB,
FR,SM-F776BZWGEUB,Galaxy Z Flip8,Cream,12GB,256GB,
FR,SM-F776BZWHEUB,Galaxy Z Flip8,Cream,12GB,512GB,
FR,SM-F971BLVBEUB,Galaxy Z Fold8,Lavender,12GB,256GB,
FR,SM-F971BLVCEUB,Galaxy Z Fold8,Lavender,12GB,512GB,O
FR,SM-F971BLVNEUB,Galaxy Z Fold8,Lavender,16GB,1TB,
FR,SM-F971BZGBEUB,Galaxy Z Fold8,Pistachio,12GB,256GB,
FR,SM-F971BZGCEUB,Galaxy Z Fold8,Pistachio,12GB,512GB,O
FR,SM-F971BZGNEUB,Galaxy Z Fold8,Pistachio,16GB,1TB,
FR,SM-F971BZKBEUB,Galaxy Z Fold8,Graphite,12GB,256GB,
FR,SM-F971BZKCEUB,Galaxy Z Fold8,Graphite,12GB,512GB,
FR,SM-F971BZKNEUB,Galaxy Z Fold8,Graphite,16GB,1TB,
FR,SM-F971BZWBEUB,Galaxy Z Fold8,Cream,12GB,256GB,
FR,SM-F971BZWCEUB,Galaxy Z Fold8,Cream,12GB,512GB,
FR,SM-F971BZWNEUB,Galaxy Z Fold8,Cream,16GB,1TB,
FR,SM-F976BDGBEUB,Galaxy Z Fold8 Ultra,Green Shadow,12GB,256GB,
FR,SM-F976BDGCEUB,Galaxy Z Fold8 Ultra,Green Shadow,12GB,512GB,O
FR,SM-F976BDGNEUB,Galaxy Z Fold8 Ultra,Green Shadow,16GB,1TB,
FR,SM-F976BZKBEUB,Galaxy Z Fold8 Ultra,Graphite,12GB,256GB,
FR,SM-F976BZKCEUB,Galaxy Z Fold8 Ultra,Graphite,12GB,512GB,
FR,SM-F976BZKNEUB,Galaxy Z Fold8 Ultra,Graphite,16GB,1TB,
FR,SM-F976BZVBEUB,Galaxy Z Fold8 Ultra,Violet Shadow,12GB,256GB,
FR,SM-F976BZVCEUB,Galaxy Z Fold8 Ultra,Violet Shadow,12GB,512GB,O
FR,SM-F976BZVNEUB,Galaxy Z Fold8 Ultra,Violet Shadow,16GB,1TB,
FR,SM-F976BZWBEUB,Galaxy Z Fold8 Ultra,Cream,12GB,256GB,
FR,SM-F976BZWCEUB,Galaxy Z Fold8 Ultra,Cream,12GB,512GB,
FR,SM-F976BZWNEUB,Galaxy Z Fold8 Ultra,Cream,16GB,1TB,
FR,SM-L340NZEAEUB,Galaxy Watch9,Cream,,BLUETOOTH,O
FR,SM-L340NZEDWEU,Galaxy Watch9,Cream,,BLUETOOTH,O
FR,SM-L340NZKAEUB,Galaxy Watch9,Graphite,,BLUETOOTH,
FR,SM-L340NZKDWEU,Galaxy Watch9,Graphite,,BLUETOOTH,
FR,SM-L345FZEAEUB,Galaxy Watch9,Cream,,LTE,O
FR,SM-L345FZKAEUB,Galaxy Watch9,Graphite,,LTE,
FR,SM-L350NZKAEUB,Galaxy Watch9,Graphite,,BLUETOOTH,O
FR,SM-L350NZKDWEU,Galaxy Watch9,Graphite,,BLUETOOTH,O
FR,SM-L350NZSAEUB,Galaxy Watch9,Silver,,BLUETOOTH,
FR,SM-L350NZSDWEU,Galaxy Watch9,Silver,,BLUETOOTH,
FR,SM-L355FZKAEUB,Galaxy Watch9,Graphite,,LTE,O
FR,SM-L355FZSAEUB,Galaxy Watch9,Silver,,LTE,
FR,SM-L715FZKAEUB,Galaxy Watch Ultra2,Titanium Gray,,LTE,
FR,SM-L715FZSAEUB,Galaxy Watch Ultra2,Titanium Silver,,LTE,O
HK,SM-F7760LGOTGY,Galaxy Z Flip8,Mint,12GB,256GB,
HK,SM-F7760LGPTGY,Galaxy Z Flip8,Mint,12GB,512GB,O
HK,SM-F7760LIOTGY,Galaxy Z Flip8,Pink,12GB,256GB,
HK,SM-F7760LIPTGY,Galaxy Z Flip8,Pink,12GB,512GB,O
HK,SM-F7760ZKOTGY,Galaxy Z Flip8,Graphite,12GB,256GB,
HK,SM-F7760ZKPTGY,Galaxy Z Flip8,Graphite,12GB,512GB,
HK,SM-F7760ZWOTGY,Galaxy Z Flip8,Cream,12GB,256GB,
HK,SM-F9710LVITGY,Galaxy Z Fold8,Lavender,12GB,256GB,
HK,SM-F9710LVOTGY,Galaxy Z Fold8,Lavender,12GB,512GB,O
HK,SM-F9710LVPTGY,Galaxy Z Fold8,Lavender,16GB,1TB,
HK,SM-F9710ZGOTGY,Galaxy Z Fold8,Pistachio,12GB,512GB,O
HK,SM-F9710ZGPTGY,Galaxy Z Fold8,Pistachio,16GB,1TB,
HK,SM-F9710ZKITGY,Galaxy Z Fold8,Graphite,12GB,256GB,
HK,SM-F9710ZKOTGY,Galaxy Z Fold8,Graphite,12GB,512GB,
HK,SM-F9710ZKPTGY,Galaxy Z Fold8,Graphite,16GB,1TB,
HK,SM-F9710ZWITGY,Galaxy Z Fold8,Cream,12GB,256GB,
HK,SM-F9710ZWOTGY,Galaxy Z Fold8,Cream,12GB,512GB,
HK,SM-F9760DGOTGY,Galaxy Z Fold8 Ultra,Green Shadow,12GB,512GB,O
HK,SM-F9760DGPTGY,Galaxy Z Fold8 Ultra,Green Shadow,16GB,1TB,
HK,SM-F9760ZKITGY,Galaxy Z Fold8 Ultra,Graphite,12GB,256GB,
HK,SM-F9760ZKOTGY,Galaxy Z Fold8 Ultra,Graphite,12GB,512GB,
HK,SM-F9760ZKPTGY,Galaxy Z Fold8 Ultra,Graphite,16GB,1TB,
HK,SM-F9760ZVITGY,Galaxy Z Fold8 Ultra,Violet Shadow,12GB,256GB,
HK,SM-F9760ZVOTGY,Galaxy Z Fold8 Ultra,Violet Shadow,12GB,512GB,O
HK,SM-F9760ZVPTGY,Galaxy Z Fold8 Ultra,Violet Shadow,16GB,1TB,
HK,SM-F9760ZWITGY,Galaxy Z Fold8 Ultra,Cream,12GB,256GB,
HK,SM-F9760ZWOTGY,Galaxy Z Fold8 Ultra,Cream,12GB,512GB,
HK,SM-L340NZEATGY,Galaxy Watch9,Cream,,BLUETOOTH,O
HK,SM-L340NZKATGY,Galaxy Watch9,Graphite,,BLUETOOTH,
HK,SM-L345FZEATGY,Galaxy Watch9,Cream,,LTE,O
HK,SM-L345FZKATGY,Galaxy Watch9,Graphite,,LTE,
HK,SM-L350NZKATGY,Galaxy Watch9,Graphite,,BLUETOOTH,
HK,SM-L350NZSATGY,Galaxy Watch9,Silver,,BLUETOOTH,O
HK,SM-L355FZKATGY,Galaxy Watch9,Graphite,,LTE,
HK,SM-L355FZSATGY,Galaxy Watch9,Silver,,LTE,O
HK,SM-L715FZKATGY,Galaxy Watch Ultra2,Titanium Gray,,LTE,
HK,SM-L715FZSATGY,Galaxy Watch Ultra2,Titanium Silver,,LTE,O
HK_EN,SM-F7760LGOTGY,Galaxy Z Flip8,Mint,12GB,256GB,
HK_EN,SM-F7760LGPTGY,Galaxy Z Flip8,Mint,12GB,512GB,O
HK_EN,SM-F7760LIOTGY,Galaxy Z Flip8,Pink,12GB,256GB,
HK_EN,SM-F7760LIPTGY,Galaxy Z Flip8,Pink,12GB,512GB,O
HK_EN,SM-F7760ZKOTGY,Galaxy Z Flip8,Graphite,12GB,256GB,
HK_EN,SM-F7760ZKPTGY,Galaxy Z Flip8,Graphite,12GB,512GB,
HK_EN,SM-F7760ZWOTGY,Galaxy Z Flip8,Cream,12GB,256GB,
HK_EN,SM-F9710LVITGY,Galaxy Z Fold8,Lavender,12GB,256GB,
HK_EN,SM-F9710LVOTGY,Galaxy Z Fold8,Lavender,12GB,512GB,O
HK_EN,SM-F9710LVPTGY,Galaxy Z Fold8,Lavender,16GB,1TB,
HK_EN,SM-F9710ZGOTGY,Galaxy Z Fold8,Pistachio,12GB,512GB,O
HK_EN,SM-F9710ZGPTGY,Galaxy Z Fold8,Pistachio,16GB,1TB,
HK_EN,SM-F9710ZKITGY,Galaxy Z Fold8,Graphite,12GB,256GB,
HK_EN,SM-F9710ZKOTGY,Galaxy Z Fold8,Graphite,12GB,512GB,
HK_EN,SM-F9710ZKPTGY,Galaxy Z Fold8,Graphite,16GB,1TB,
HK_EN,SM-F9710ZWITGY,Galaxy Z Fold8,Cream,12GB,256GB,
HK_EN,SM-F9710ZWOTGY,Galaxy Z Fold8,Cream,12GB,512GB,
HK_EN,SM-F9760DGOTGY,Galaxy Z Fold8 Ultra,Green Shadow,12GB,512GB,O
HK_EN,SM-F9760DGPTGY,Galaxy Z Fold8 Ultra,Green Shadow,16GB,1TB,
HK_EN,SM-F9760ZKITGY,Galaxy Z Fold8 Ultra,Graphite,12GB,256GB,
HK_EN,SM-F9760ZKOTGY,Galaxy Z Fold8 Ultra,Graphite,12GB,512GB,
HK_EN,SM-F9760ZKPTGY,Galaxy Z Fold8 Ultra,Graphite,16GB,1TB,
HK_EN,SM-F9760ZVITGY,Galaxy Z Fold8 Ultra,Violet Shadow,12GB,256GB,
HK_EN,SM-F9760ZVOTGY,Galaxy Z Fold8 Ultra,Violet Shadow,12GB,512GB,O
HK_EN,SM-F9760ZVPTGY,Galaxy Z Fold8 Ultra,Violet Shadow,16GB,1TB,
HK_EN,SM-F9760ZWITGY,Galaxy Z Fold8 Ultra,Cream,12GB,256GB,
HK_EN,SM-F9760ZWOTGY,Galaxy Z Fold8 Ultra,Cream,12GB,512GB,
HK_EN,SM-L340NZEATGY,Galaxy Watch9,Cream,,BLUETOOTH,O
HK_EN,SM-L340NZKATGY,Galaxy Watch9,Graphite,,BLUETOOTH,
HK_EN,SM-L345FZEATGY,Galaxy Watch9,Cream,,LTE,O
HK_EN,SM-L345FZKATGY,Galaxy Watch9,Graphite,,LTE,
HK_EN,SM-L350NZKATGY,Galaxy Watch9,Graphite,,BLUETOOTH,
HK_EN,SM-L350NZSATGY,Galaxy Watch9,Silver,,BLUETOOTH,O
HK_EN,SM-L355FZKATGY,Galaxy Watch9,Graphite,,LTE,
HK_EN,SM-L355FZSATGY,Galaxy Watch9,Silver,,LTE,O
HK_EN,SM-L715FZKATGY,Galaxy Watch Ultra2,Titanium Gray,,LTE,
HK_EN,SM-L715FZSATGY,Galaxy Watch Ultra2,Titanium Silver,,LTE,O
HU,SM-F776BLGGEUE,Galaxy Z Flip8,Mint,12GB,256GB,O
HU,SM-F776BLIGEUE,Galaxy Z Flip8,Pink,12GB,256GB,O
HU,SM-F776BLIHEUE,Galaxy Z Flip8,Pink,12GB,512GB,
HU,SM-F776BZKGEUE,Galaxy Z Flip8,Graphite,12GB,256GB,
HU,SM-F776BZKHEUE,Galaxy Z Flip8,Graphite,12GB,512GB,
HU,SM-F776BZWGEUE,Galaxy Z Flip8,Cream,12GB,256GB,
HU,SM-F971BLVBEUE,Galaxy Z Fold8,Lavender,12GB,256GB,O
HU,SM-F971BLVCEUE,Galaxy Z Fold8,Lavender,12GB,512GB,
HU,SM-F971BZGBEUE,Galaxy Z Fold8,Pistachio,12GB,256GB,O
HU,SM-F971BZGCEUE,Galaxy Z Fold8,Pistachio,12GB,512GB,
HU,SM-F971BZKBEUE,Galaxy Z Fold8,Graphite,12GB,256GB,
HU,SM-F971BZKCEUE,Galaxy Z Fold8,Graphite,12GB,512GB,
HU,SM-F971BZKNEUE,Galaxy Z Fold8,Graphite,16GB,1TB,
HU,SM-F971BZWBEUE,Galaxy Z Fold8,Cream,12GB,256GB,
HU,SM-F976BDGBEUE,Galaxy Z Fold8 Ultra,Green Shadow,12GB,256GB,O
HU,SM-F976BDGCEUE,Galaxy Z Fold8 Ultra,Green Shadow,12GB,512GB,
HU,SM-F976BZKBEUE,Galaxy Z Fold8 Ultra,Graphite,12GB,256GB,
HU,SM-F976BZKCEUE,Galaxy Z Fold8 Ultra,Graphite,12GB,512GB,
HU,SM-F976BZKNEUE,Galaxy Z Fold8 Ultra,Graphite,16GB,1TB,
HU,SM-F976BZVBEUE,Galaxy Z Fold8 Ultra,Violet Shadow,12GB,256GB,O
HU,SM-F976BZVCEUE,Galaxy Z Fold8 Ultra,Violet Shadow,12GB,512GB,
HU,SM-F976BZWBEUE,Galaxy Z Fold8 Ultra,Cream,12GB,256GB,
HU,SM-L340NZEAEUE,Galaxy Watch9,Cream,,BLUETOOTH,O
HU,SM-L340NZKAEUE,Galaxy Watch9,Graphite,,BLUETOOTH,
HU,SM-L345FZEAEUE,Galaxy Watch9,Cream,,LTE,O
HU,SM-L345FZKAEUE,Galaxy Watch9,Graphite,,LTE,
HU,SM-L350NZKAEUE,Galaxy Watch9,Graphite,,BLUETOOTH,O
HU,SM-L350NZSAEUE,Galaxy Watch9,Silver,,BLUETOOTH,
HU,SM-L355FZKAEUE,Galaxy Watch9,Graphite,,LTE,O
HU,SM-L355FZSAEUE,Galaxy Watch9,Silver,,LTE,
HU,SM-L715FZKAEUE,Galaxy Watch Ultra2,Titanium Gray,,LTE,
HU,SM-L715FZSAEUE,Galaxy Watch Ultra2,Titanium Silver,,LTE,O
ID,SM-F776BLGAXID,Galaxy Z Flip8,Mint,12GB,256GB,
ID,SM-F776BLGEXID,Galaxy Z Flip8,Mint,12GB,512GB,O
ID,SM-F776BLIAXID,Galaxy Z Flip8,Pink,12GB,256GB,
ID,SM-F776BLIEXID,Galaxy Z Flip8,Pink,12GB,512GB,O
ID,SM-F776BZKAXID,Galaxy Z Flip8,Graphite,12GB,256GB,
ID,SM-F776BZKEXID,Galaxy Z Flip8,Graphite,12GB,512GB,
ID,SM-F776BZWAXID,Galaxy Z Flip8,Cream,12GB,256GB,
ID,SM-F776BZWEXID,Galaxy Z Flip8,Cream,12GB,512GB,
ID,SM-F971BLVDXID,Galaxy Z Fold8,Lavender,12GB,256GB,
ID,SM-F971BLVGXID,Galaxy Z Fold8,Lavender,12GB,512GB,O
ID,SM-F971BLVHXID,Galaxy Z Fold8,Lavender,16GB,1TB,
ID,SM-F971BZGDXID,Galaxy Z Fold8,Pistachio,12GB,256GB,
ID,SM-F971BZGGXID,Galaxy Z Fold8,Pistachio,12GB,512GB,O
ID,SM-F971BZGHXID,Galaxy Z Fold8,Pistachio,16GB,1TB,
ID,SM-F971BZKDXID,Galaxy Z Fold8,Graphite,12GB,256GB,
ID,SM-F971BZKGXID,Galaxy Z Fold8,Graphite,12GB,512GB,
ID,SM-F971BZKHXID,Galaxy Z Fold8,Graphite,16GB,1TB,
ID,SM-F971BZWDXID,Galaxy Z Fold8,Cream,12GB,256GB,
ID,SM-F971BZWGXID,Galaxy Z Fold8,Cream,12GB,512GB,
ID,SM-F971BZWHXID,Galaxy Z Fold8,Cream,16GB,1TB,
ID,SM-F976BDGDXID,Galaxy Z Fold8 Ultra,Green Shadow,12GB,256GB,
ID,SM-F976BDGGXID,Galaxy Z Fold8 Ultra,Green Shadow,12GB,512GB,O
ID,SM-F976BDGHXID,Galaxy Z Fold8 Ultra,Green Shadow,16GB,1TB,
ID,SM-F976BZKDXID,Galaxy Z Fold8 Ultra,Graphite,12GB,256GB,
ID,SM-F976BZKGXID,Galaxy Z Fold8 Ultra,Graphite,12GB,512GB,
ID,SM-F976BZKHXID,Galaxy Z Fold8 Ultra,Graphite,16GB,1TB,
ID,SM-F976BZVDXID,Galaxy Z Fold8 Ultra,Violet Shadow,12GB,256GB,
ID,SM-F976BZVGXID,Galaxy Z Fold8 Ultra,Violet Shadow,12GB,512GB,O
ID,SM-F976BZVHXID,Galaxy Z Fold8 Ultra,Violet Shadow,16GB,1TB,
ID,SM-F976BZWDXID,Galaxy Z Fold8 Ultra,Cream,12GB,256GB,
ID,SM-F976BZWGXID,Galaxy Z Fold8 Ultra,Cream,12GB,512GB,
ID,SM-F976BZWHXID,Galaxy Z Fold8 Ultra,Cream,16GB,1TB,
ID,SM-L340NZEAXSE,Galaxy Watch9,Cream,,BLUETOOTH,O
ID,SM-L340NZKAXSE,Galaxy Watch9,Graphite,,BLUETOOTH,
ID,SM-L350NZKAXSE,Galaxy Watch9,Graphite,,BLUETOOTH,O
ID,SM-L350NZSAXSE,Galaxy Watch9,Silver,,BLUETOOTH,
ID,SM-L710NZKAXSE,Galaxy Watch Ultra2,Titanium Gray,,BLUETOOTH,
ID,SM-L710NZSAXSE,Galaxy Watch Ultra2,Titanium Silver,,BLUETOOTH,O
IL,SM-F776BLGGMEC,Galaxy Z Flip8,Mint,12GB,256GB,
IL,SM-F776BLGHMEC,Galaxy Z Flip8,Mint,12GB,512GB,O
IL,SM-F776BLIGMEC,Galaxy Z Flip8,Pink,12GB,256GB,
IL,SM-F776BLIHMEC,Galaxy Z Flip8,Pink,12GB,512GB,O
IL,SM-F776BZKGMEC,Galaxy Z Flip8,Graphite,12GB,256GB,
IL,SM-F776BZKHMEC,Galaxy Z Flip8,Graphite,12GB,512GB,
IL,SM-F776BZWGMEC,Galaxy Z Flip8,Cream,12GB,256GB,
IL,SM-F776BZWHMEC,Galaxy Z Flip8,Cream,12GB,512GB,
IL,SM-F971BLVBMEC,Galaxy Z Fold8,Lavender,12GB,256GB,
IL,SM-F971BLVCMEC,Galaxy Z Fold8,Lavender,12GB,512GB,O
IL,SM-F971BLVNMEC,Galaxy Z Fold8,Lavender,16GB,1TB,
IL,SM-F971BZGBMEC,Galaxy Z Fold8,Pistachio,12GB,256GB,
IL,SM-F971BZGCMEC,Galaxy Z Fold8,Pistachio,12GB,512GB,O
IL,SM-F971BZGNMEC,Galaxy Z Fold8,Pistachio,16GB,1TB,
IL,SM-F971BZKBMEC,Galaxy Z Fold8,Graphite,12GB,256GB,
IL,SM-F971BZKCMEC,Galaxy Z Fold8,Graphite,12GB,512GB,
IL,SM-F971BZKNMEC,Galaxy Z Fold8,Graphite,16GB,1TB,
IL,SM-F971BZWBMEC,Galaxy Z Fold8,Cream,12GB,256GB,
IL,SM-F971BZWCMEC,Galaxy Z Fold8,Cream,12GB,512GB,
IL,SM-F971BZWNMEC,Galaxy Z Fold8,Cream,16GB,1TB,
IL,SM-F976BDGBMEC,Galaxy Z Fold8 Ultra,Green Shadow,12GB,256GB,
IL,SM-F976BDGCMEC,Galaxy Z Fold8 Ultra,Green Shadow,12GB,512GB,O
IL,SM-F976BDGNMEC,Galaxy Z Fold8 Ultra,Green Shadow,16GB,1TB,
IL,SM-F976BZKBMEC,Galaxy Z Fold8 Ultra,Graphite,12GB,256GB,
IL,SM-F976BZKCMEC,Galaxy Z Fold8 Ultra,Graphite,12GB,512GB,
IL,SM-F976BZKNMEC,Galaxy Z Fold8 Ultra,Graphite,16GB,1TB,
IL,SM-F976BZVBMEC,Galaxy Z Fold8 Ultra,Violet Shadow,12GB,256GB,
IL,SM-F976BZVCMEC,Galaxy Z Fold8 Ultra,Violet Shadow,12GB,512GB,O
IL,SM-F976BZVNMEC,Galaxy Z Fold8 Ultra,Violet Shadow,16GB,1TB,
IL,SM-F976BZWBMEC,Galaxy Z Fold8 Ultra,Cream,12GB,256GB,
IL,SM-F976BZWCMEC,Galaxy Z Fold8 Ultra,Cream,12GB,512GB,
IL,SM-F976BZWNMEC,Galaxy Z Fold8 Ultra,Cream,16GB,1TB,
IL,SM-L340NZEAILO,Galaxy Watch9,Cream,,BLUETOOTH,O
IL,SM-L340NZKAILO,Galaxy Watch9,Graphite,,BLUETOOTH,
IL,SM-L345FZEAILO,Galaxy Watch9,Cream,,LTE,O
IL,SM-L345FZKAILO,Galaxy Watch9,Graphite,,LTE,
IL,SM-L350NZKAILO,Galaxy Watch9,Graphite,,BLUETOOTH,O
IL,SM-L350NZSAILO,Galaxy Watch9,Silver,,BLUETOOTH,
IL,SM-L355FZKAILO,Galaxy Watch9,Graphite,,LTE,O
IL,SM-L355FZSAILO,Galaxy Watch9,Silver,,LTE,
IL,SM-L715FZKAILO,Galaxy Watch Ultra2,Titanium Gray,,LTE,
IL,SM-L715FZSAILO,Galaxy Watch Ultra2,Titanium Silver,,LTE,O
IN,SM-F776BLGAINS,Galaxy Z Flip8,Mint,12GB,256GB,O
IN,SM-F776BLGEINS,Galaxy Z Flip8,Mint,12GB,512GB,
IN,SM-F776BLIAINS,Galaxy Z Flip8,Pink,12GB,256GB,O
IN,SM-F776BLIEINS,Galaxy Z Flip8,Pink,12GB,512GB,
IN,SM-F776BZKAINS,Galaxy Z Flip8,Graphite,12GB,256GB,
IN,SM-F776BZKEINS,Galaxy Z Flip8,Graphite,12GB,512GB,
IN,SM-F776BZWAINS,Galaxy Z Flip8,Cream,12GB,256GB,
IN,SM-F776BZWEINS,Galaxy Z Flip8,Cream,12GB,512GB,
IN,SM-F971BLVDINS,Galaxy Z Fold8,Lavender,12GB,256GB,O
IN,SM-F971BLVGINS,Galaxy Z Fold8,Lavender,12GB,512GB,
IN,SM-F971BLVHINS,Galaxy Z Fold8,Lavender,16GB,1TB,
IN,SM-F971BZGDINS,Galaxy Z Fold8,Pistachio,12GB,256GB,O
IN,SM-F971BZGGINS,Galaxy Z Fold8,Pistachio,12GB,512GB,
IN,SM-F971BZKDINS,Galaxy Z Fold8,Graphite,12GB,256GB,
IN,SM-F971BZKGINS,Galaxy Z Fold8,Graphite,12GB,512GB,
IN,SM-F971BZWDINS,Galaxy Z Fold8,Cream,12GB,256GB,
IN,SM-F971BZWGINS,Galaxy Z Fold8,Cream,12GB,512GB,
IN,SM-F976BDGDINS,Galaxy Z Fold8 Ultra,Green Shadow,12GB,256GB,O
IN,SM-F976BDGGINS,Galaxy Z Fold8 Ultra,Green Shadow,12GB,512GB,
IN,SM-F976BDGHINS,Galaxy Z Fold8 Ultra,Green Shadow,16GB,1TB,
IN,SM-F976BZKDINS,Galaxy Z Fold8 Ultra,Graphite,12GB,256GB,
IN,SM-F976BZKGINS,Galaxy Z Fold8 Ultra,Graphite,12GB,512GB,
IN,SM-F976BZVDINS,Galaxy Z Fold8 Ultra,Violet Shadow,12GB,256GB,O
IN,SM-F976BZVGINS,Galaxy Z Fold8 Ultra,Violet Shadow,12GB,512GB,
IN,SM-F976BZVHINS,Galaxy Z Fold8 Ultra,Violet Shadow,16GB,1TB,
IN,SM-F976BZWDINS,Galaxy Z Fold8 Ultra,Cream,12GB,256GB,
IN,SM-F976BZWGINS,Galaxy Z Fold8 Ultra,Cream,12GB,512GB,
IN,SM-L340NZEAINS,Galaxy Watch9,Cream,,BLUETOOTH,O
IN,SM-L340NZKAINS,Galaxy Watch9,Graphite,,BLUETOOTH,
IN,SM-L345FZEAINS,Galaxy Watch9,Cream,,LTE,O
IN,SM-L345FZKAINS,Galaxy Watch9,Graphite,,LTE,
IN,SM-L350NZKAINS,Galaxy Watch9,Graphite,,BLUETOOTH,O
IN,SM-L350NZSAINS,Galaxy Watch9,Silver,,BLUETOOTH,
IN,SM-L355FZKAINS,Galaxy Watch9,Graphite,,LTE,O
IN,SM-L355FZSAINS,Galaxy Watch9,Silver,,LTE,
IN,SM-L715FZKAINS,Galaxy Watch Ultra2,Titanium Gray,,LTE,
IN,SM-L715FZSAINS,Galaxy Watch Ultra2,Titanium Silver,,LTE,O
IT,SM-F776BLGGEUE,Galaxy Z Flip8,Mint,12GB,256GB,O
IT,SM-F776BLGHEUE,Galaxy Z Flip8,Mint,12GB,512GB,
IT,SM-F776BLIGEUE,Galaxy Z Flip8,Pink,12GB,256GB,O
IT,SM-F776BLIHEUE,Galaxy Z Flip8,Pink,12GB,512GB,
IT,SM-F776BZKGEUE,Galaxy Z Flip8,Graphite,12GB,256GB,
IT,SM-F776BZKHEUE,Galaxy Z Flip8,Graphite,12GB,512GB,
IT,SM-F776BZWGEUE,Galaxy Z Flip8,Cream,12GB,256GB,
IT,SM-F776BZWHEUE,Galaxy Z Flip8,Cream,12GB,512GB,
IT,SM-F971BLVBEUE,Galaxy Z Fold8,Lavender,12GB,256GB,O
IT,SM-F971BLVCEUE,Galaxy Z Fold8,Lavender,12GB,512GB,
IT,SM-F971BLVNEUE,Galaxy Z Fold8,Lavender,16GB,1TB,
IT,SM-F971BZGBEUE,Galaxy Z Fold8,Pistachio,12GB,256GB,O
IT,SM-F971BZGCEUE,Galaxy Z Fold8,Pistachio,12GB,512GB,
IT,SM-F971BZGNEUE,Galaxy Z Fold8,Pistachio,16GB,1TB,
IT,SM-F971BZKBEUE,Galaxy Z Fold8,Graphite,12GB,256GB,
IT,SM-F971BZKCEUE,Galaxy Z Fold8,Graphite,12GB,512GB,
IT,SM-F971BZKNEUE,Galaxy Z Fold8,Graphite,16GB,1TB,
IT,SM-F971BZWBEUE,Galaxy Z Fold8,Cream,12GB,256GB,
IT,SM-F971BZWCEUE,Galaxy Z Fold8,Cream,12GB,512GB,
IT,SM-F971BZWNEUE,Galaxy Z Fold8,Cream,16GB,1TB,
IT,SM-F976BDGBEUE,Galaxy Z Fold8 Ultra,Green Shadow,12GB,256GB,O
IT,SM-F976BDGCEUE,Galaxy Z Fold8 Ultra,Green Shadow,12GB,512GB,
IT,SM-F976BDGNEUE,Galaxy Z Fold8 Ultra,Green Shadow,16GB,1TB,
IT,SM-F976BZKBEUE,Galaxy Z Fold8 Ultra,Graphite,12GB,256GB,
IT,SM-F976BZKCEUE,Galaxy Z Fold8 Ultra,Graphite,12GB,512GB,
IT,SM-F976BZKNEUE,Galaxy Z Fold8 Ultra,Graphite,16GB,1TB,
IT,SM-F976BZVBEUE,Galaxy Z Fold8 Ultra,Violet Shadow,12GB,256GB,O
IT,SM-F976BZVCEUE,Galaxy Z Fold8 Ultra,Violet Shadow,12GB,512GB,
IT,SM-F976BZVNEUE,Galaxy Z Fold8 Ultra,Violet Shadow,16GB,1TB,
IT,SM-F976BZWBEUE,Galaxy Z Fold8 Ultra,Cream,12GB,256GB,
IT,SM-F976BZWCEUE,Galaxy Z Fold8 Ultra,Cream,12GB,512GB,
IT,SM-F976BZWNEUE,Galaxy Z Fold8 Ultra,Cream,16GB,1TB,
IT,SM-L340NZEAITV,Galaxy Watch9,Cream,,BLUETOOTH,O
IT,SM-L340NZEDWEU,Galaxy Watch9,Cream,,BLUETOOTH,O
IT,SM-L340NZKAITV,Galaxy Watch9,Graphite,,BLUETOOTH,
IT,SM-L340NZKDWEU,Galaxy Watch9,Graphite,,BLUETOOTH,
IT,SM-L345FZEAITV,Galaxy Watch9,Cream,,LTE,O
IT,SM-L345FZKAITV,Galaxy Watch9,Graphite,,LTE,
IT,SM-L350NZKAITV,Galaxy Watch9,Graphite,,BLUETOOTH,O
IT,SM-L350NZKDWEU,Galaxy Watch9,Graphite,,BLUETOOTH,O
IT,SM-L350NZSAITV,Galaxy Watch9,Silver,,BLUETOOTH,
IT,SM-L350NZSDWEU,Galaxy Watch9,Silver,,BLUETOOTH,
IT,SM-L355FZKAITV,Galaxy Watch9,Graphite,,LTE,O
IT,SM-L355FZSAITV,Galaxy Watch9,Silver,,LTE,
IT,SM-L715FZKAITV,Galaxy Watch Ultra2,Titanium Gray,,LTE,
IT,SM-L715FZSAITV,Galaxy Watch Ultra2,Titanium Silver,,LTE,O
JP,SM-F776QLGASJP,Galaxy Z Flip8,Mint,12GB,256GB,O
JP,SM-F776QLGESJP,Galaxy Z Flip8,Mint,12GB,512GB,
JP,SM-F776QLIASJP,Galaxy Z Flip8,Pink,12GB,256GB,O
JP,SM-F776QLIESJP,Galaxy Z Flip8,Pink,12GB,512GB,
JP,SM-F776QZKASJP,Galaxy Z Flip8,Graphite,12GB,256GB,
JP,SM-F776QZKESJP,Galaxy Z Flip8,Graphite,12GB,512GB,
JP,SM-F776QZWASJP,Galaxy Z Flip8,Cream,12GB,256GB,
JP,SM-F971QLVASJP,Galaxy Z Fold8,Lavender,12GB,256GB,O
JP,SM-F971QLVESJP,Galaxy Z Fold8,Lavender,12GB,512GB,
JP,SM-F971QLVFSJP,Galaxy Z Fold8,Lavender,16GB,1TB,
JP,SM-F971QZGASJP,Galaxy Z Fold8,Pistachio,12GB,256GB,O
JP,SM-F971QZGESJP,Galaxy Z Fold8,Pistachio,12GB,512GB,
JP,SM-F971QZGFSJP,Galaxy Z Fold8,Pistachio,16GB,1TB,
JP,SM-F971QZKASJP,Galaxy Z Fold8,Graphite,12GB,256GB,
JP,SM-F971QZKESJP,Galaxy Z Fold8,Graphite,12GB,512GB,
JP,SM-F971QZKFSJP,Galaxy Z Fold8,Graphite,16GB,1TB,
JP,SM-F971QZWASJP,Galaxy Z Fold8,Cream,12GB,256GB,
JP,SM-F976QDGASJP,Galaxy Z Fold8 Ultra,Green Shadow,12GB,256GB,O
JP,SM-F976QDGESJP,Galaxy Z Fold8 Ultra,Green Shadow,12GB,512GB,
JP,SM-F976QDGFSJP,Galaxy Z Fold8 Ultra,Green Shadow,16GB,1TB,
JP,SM-F976QZKASJP,Galaxy Z Fold8 Ultra,Graphite,12GB,256GB,
JP,SM-F976QZKESJP,Galaxy Z Fold8 Ultra,Graphite,12GB,512GB,
JP,SM-F976QZKFSJP,Galaxy Z Fold8 Ultra,Graphite,16GB,1TB,
JP,SM-F976QZVASJP,Galaxy Z Fold8 Ultra,Violet Shadow,12GB,256GB,O
JP,SM-F976QZVESJP,Galaxy Z Fold8 Ultra,Violet Shadow,12GB,512GB,
JP,SM-F976QZVFSJP,Galaxy Z Fold8 Ultra,Violet Shadow,16GB,1TB,
JP,SM-F976QZWASJP,Galaxy Z Fold8 Ultra,Cream,12GB,256GB,
JP,SM-L340NZEJXJP,Galaxy Watch9,Cream,,BLUETOOTH,O
JP,SM-L340NZKJXJP,Galaxy Watch9,Graphite,,BLUETOOTH,
JP,SM-L345FZEJSJP,Galaxy Watch9,Cream,,LTE,O
JP,SM-L345FZKJSJP,Galaxy Watch9,Graphite,,LTE,
JP,SM-L350NZKJXJP,Galaxy Watch9,Graphite,,BLUETOOTH,O
JP,SM-L350NZSJXJP,Galaxy Watch9,Silver,,BLUETOOTH,
JP,SM-L355FZKJSJP,Galaxy Watch9,Graphite,,LTE,O
JP,SM-L355FZSJSJP,Galaxy Watch9,Silver,,LTE,
JP,SM-L715FZKJSJP,Galaxy Watch Ultra2,Titanium Gray,,LTE,
JP,SM-L715FZSJSJP,Galaxy Watch Ultra2,Titanium Silver,,LTE,O
MX,SM-F776BLGJLTM,Galaxy Z Flip8,Mint,12GB,256GB,
MX,SM-F776BLGKLTM,Galaxy Z Flip8,Mint,12GB,512GB,O
MX,SM-F776BLIJLTM,Galaxy Z Flip8,Pink,12GB,256GB,
MX,SM-F776BLIKLTM,Galaxy Z Flip8,Pink,12GB,512GB,O
MX,SM-F776BZKJLTM,Galaxy Z Flip8,Graphite,12GB,256GB,
MX,SM-F776BZKKLTM,Galaxy Z Flip8,Graphite,12GB,512GB,
MX,SM-F776BZWJLTM,Galaxy Z Flip8,Cream,12GB,256GB,
MX,SM-F776BZWKLTM,Galaxy Z Flip8,Cream,12GB,512GB,
MX,SM-F971BLVLLTM,Galaxy Z Fold8,Lavender,12GB,256GB,
MX,SM-F971BLVMLTM,Galaxy Z Fold8,Lavender,12GB,512GB,O
MX,SM-F971BLVVLTM,Galaxy Z Fold8,Lavender,16GB,1TB,
MX,SM-F971BZGLLTM,Galaxy Z Fold8,Pistachio,12GB,256GB,
MX,SM-F971BZGMLTM,Galaxy Z Fold8,Pistachio,12GB,512GB,O
MX,SM-F971BZGVLTM,Galaxy Z Fold8,Pistachio,16GB,1TB,
MX,SM-F971BZKLLTM,Galaxy Z Fold8,Graphite,12GB,256GB,
MX,SM-F971BZKMLTM,Galaxy Z Fold8,Graphite,12GB,512GB,
MX,SM-F971BZKVLTM,Galaxy Z Fold8,Graphite,16GB,1TB,
MX,SM-F971BZWLLTM,Galaxy Z Fold8,Cream,12GB,256GB,
MX,SM-F971BZWMLTM,Galaxy Z Fold8,Cream,12GB,512GB,
MX,SM-F971BZWVLTM,Galaxy Z Fold8,Cream,16GB,1TB,
MX,SM-F976BDGLLTM,Galaxy Z Fold8 Ultra,Green Shadow,12GB,256GB,
MX,SM-F976BDGMLTM,Galaxy Z Fold8 Ultra,Green Shadow,12GB,512GB,O
MX,SM-F976BDGVLTM,Galaxy Z Fold8 Ultra,Green Shadow,16GB,1TB,
MX,SM-F976BZKLLTM,Galaxy Z Fold8 Ultra,Graphite,12GB,256GB,
MX,SM-F976BZKMLTM,Galaxy Z Fold8 Ultra,Graphite,12GB,512GB,
MX,SM-F976BZKVLTM,Galaxy Z Fold8 Ultra,Graphite,16GB,1TB,
MX,SM-F976BZVLLTM,Galaxy Z Fold8 Ultra,Violet Shadow,12GB,256GB,
MX,SM-F976BZVMLTM,Galaxy Z Fold8 Ultra,Violet Shadow,12GB,512GB,O
MX,SM-F976BZVVLTM,Galaxy Z Fold8 Ultra,Violet Shadow,16GB,1TB,
MX,SM-F976BZWLLTM,Galaxy Z Fold8 Ultra,Cream,12GB,256GB,
MX,SM-F976BZWMLTM,Galaxy Z Fold8 Ultra,Cream,12GB,512GB,
MX,SM-F976BZWVLTM,Galaxy Z Fold8 Ultra,Cream,16GB,1TB,
MX,SM-L340NZEAMXO,Galaxy Watch9,Cream,,BLUETOOTH,O
MX,SM-L340NZKAMXO,Galaxy Watch9,Graphite,,BLUETOOTH,
MX,SM-L350NZKAMXO,Galaxy Watch9,Graphite,,BLUETOOTH,O
MX,SM-L350NZSAMXO,Galaxy Watch9,Silver,,BLUETOOTH,
MX,SM-L715FZKAMXO,Galaxy Watch Ultra2,Titanium Gray,,LTE,
MX,SM-L715FZSAMXO,Galaxy Watch Ultra2,Titanium Silver,,LTE,O
MY,SM-F776BLGAXME,Galaxy Z Flip8,Mint,12GB,256GB,O
MY,SM-F776BLGEXME,Galaxy Z Flip8,Mint,12GB,512GB,
MY,SM-F776BLIAXME,Galaxy Z Flip8,Pink,12GB,256GB,O
MY,SM-F776BLIEXME,Galaxy Z Flip8,Pink,12GB,512GB,
MY,SM-F776BZKAXME,Galaxy Z Flip8,Graphite,12GB,256GB,
MY,SM-F776BZKEXME,Galaxy Z Flip8,Graphite,12GB,512GB,
MY,SM-F776BZWAXME,Galaxy Z Flip8,Cream,12GB,256GB,
MY,SM-F776BZWEXME,Galaxy Z Flip8,Cream,12GB,512GB,
MY,SM-F971BLVDXME,Galaxy Z Fold8,Lavender,12GB,256GB,O
MY,SM-F971BLVGXME,Galaxy Z Fold8,Lavender,12GB,512GB,
MY,SM-F971BLVHXME,Galaxy Z Fold8,Lavender,16GB,1TB,
MY,SM-F971BZGDXME,Galaxy Z Fold8,Pistachio,12GB,256GB,O
MY,SM-F971BZGGXME,Galaxy Z Fold8,Pistachio,12GB,512GB,
MY,SM-F971BZGHXME,Galaxy Z Fold8,Pistachio,16GB,1TB,
MY,SM-F971BZKDXME,Galaxy Z Fold8,Graphite,12GB,256GB,
MY,SM-F971BZKGXME,Galaxy Z Fold8,Graphite,12GB,512GB,
MY,SM-F971BZKHXME,Galaxy Z Fold8,Graphite,16GB,1TB,
MY,SM-F971BZWDXME,Galaxy Z Fold8,Cream,12GB,256GB,
MY,SM-F971BZWGXME,Galaxy Z Fold8,Cream,12GB,512GB,
MY,SM-F971BZWHXME,Galaxy Z Fold8,Cream,16GB,1TB,
MY,SM-F976BDGDXME,Galaxy Z Fold8 Ultra,Green Shadow,12GB,256GB,O
MY,SM-F976BDGGXME,Galaxy Z Fold8 Ultra,Green Shadow,12GB,512GB,
MY,SM-F976BDGHXME,Galaxy Z Fold8 Ultra,Green Shadow,16GB,1TB,
MY,SM-F976BZKDXME,Galaxy Z Fold8 Ultra,Graphite,12GB,256GB,
MY,SM-F976BZKGXME,Galaxy Z Fold8 Ultra,Graphite,12GB,512GB,
MY,SM-F976BZKHXME,Galaxy Z Fold8 Ultra,Graphite,16GB,1TB,
MY,SM-F976BZVDXME,Galaxy Z Fold8 Ultra,Violet Shadow,12GB,256GB,O
MY,SM-F976BZVGXME,Galaxy Z Fold8 Ultra,Violet Shadow,12GB,512GB,
MY,SM-F976BZVHXME,Galaxy Z Fold8 Ultra,Violet Shadow,16GB,1TB,
MY,SM-F976BZWDXME,Galaxy Z Fold8 Ultra,Cream,12GB,256GB,
MY,SM-F976BZWGXME,Galaxy Z Fold8 Ultra,Cream,12GB,512GB,
MY,SM-F976BZWHXME,Galaxy Z Fold8 Ultra,Cream,16GB,1TB,
MY,SM-L340NZEAXME,Galaxy Watch9,Cream,,BLUETOOTH,O
MY,SM-L340NZKAXME,Galaxy Watch9,Graphite,,BLUETOOTH,
MY,SM-L345FZEAXME,Galaxy Watch9,Cream,,LTE,O
MY,SM-L345FZKAXME,Galaxy Watch9,Graphite,,LTE,
MY,SM-L350NZKAXME,Galaxy Watch9,Graphite,,BLUETOOTH,O
MY,SM-L350NZSAXME,Galaxy Watch9,Silver,,BLUETOOTH,
MY,SM-L355FZKAXME,Galaxy Watch9,Graphite,,LTE,O
MY,SM-L355FZSAXME,Galaxy Watch9,Silver,,LTE,
MY,SM-L715FZKAXME,Galaxy Watch Ultra2,Titanium Gray,,LTE,
MY,SM-L715FZSAXME,Galaxy Watch Ultra2,Titanium Silver,,LTE,O
NL,SM-F776BLGGEUB,Galaxy Z Flip8,Mint,12GB,256GB,O
NL,SM-F776BLGHEUB,Galaxy Z Flip8,Mint,12GB,512GB,
NL,SM-F776BLIGEUB,Galaxy Z Flip8,Pink,12GB,256GB,O
NL,SM-F776BLIHEUB,Galaxy Z Flip8,Pink,12GB,512GB,
NL,SM-F776BZKGEUB,Galaxy Z Flip8,Graphite,12GB,256GB,
NL,SM-F776BZKHEUB,Galaxy Z Flip8,Graphite,12GB,512GB,
NL,SM-F776BZWGEUB,Galaxy Z Flip8,Cream,12GB,256GB,
NL,SM-F776BZWHEUB,Galaxy Z Flip8,Cream,12GB,512GB,
NL,SM-F971BLVBEUB,Galaxy Z Fold8,Lavender,12GB,256GB,O
NL,SM-F971BLVCEUB,Galaxy Z Fold8,Lavender,12GB,512GB,
NL,SM-F971BLVNEUB,Galaxy Z Fold8,Lavender,16GB,1TB,
NL,SM-F971BZGBEUB,Galaxy Z Fold8,Pistachio,12GB,256GB,O
NL,SM-F971BZGCEUB,Galaxy Z Fold8,Pistachio,12GB,512GB,
NL,SM-F971BZGNEUB,Galaxy Z Fold8,Pistachio,16GB,1TB,
NL,SM-F971BZKBEUB,Galaxy Z Fold8,Graphite,12GB,256GB,
NL,SM-F971BZKCEUB,Galaxy Z Fold8,Graphite,12GB,512GB,
NL,SM-F971BZKNEUB,Galaxy Z Fold8,Graphite,16GB,1TB,
NL,SM-F971BZWBEUB,Galaxy Z Fold8,Cream,12GB,256GB,
NL,SM-F971BZWCEUB,Galaxy Z Fold8,Cream,12GB,512GB,
NL,SM-F971BZWNEUB,Galaxy Z Fold8,Cream,16GB,1TB,
NL,SM-F976BDGBEUB,Galaxy Z Fold8 Ultra,Green Shadow,12GB,256GB,O
NL,SM-F976BDGCEUB,Galaxy Z Fold8 Ultra,Green Shadow,12GB,512GB,
NL,SM-F976BDGNEUB,Galaxy Z Fold8 Ultra,Green Shadow,16GB,1TB,
NL,SM-F976BZKBEUB,Galaxy Z Fold8 Ultra,Graphite,12GB,256GB,
NL,SM-F976BZKCEUB,Galaxy Z Fold8 Ultra,Graphite,12GB,512GB,
NL,SM-F976BZKNEUB,Galaxy Z Fold8 Ultra,Graphite,16GB,1TB,
NL,SM-F976BZVBEUB,Galaxy Z Fold8 Ultra,Violet Shadow,12GB,256GB,O
NL,SM-F976BZVCEUB,Galaxy Z Fold8 Ultra,Violet Shadow,12GB,512GB,
NL,SM-F976BZVNEUB,Galaxy Z Fold8 Ultra,Violet Shadow,16GB,1TB,
NL,SM-F976BZWBEUB,Galaxy Z Fold8 Ultra,Cream,12GB,256GB,
NL,SM-F976BZWCEUB,Galaxy Z Fold8 Ultra,Cream,12GB,512GB,
NL,SM-F976BZWNEUB,Galaxy Z Fold8 Ultra,Cream,16GB,1TB,
NL,SM-L340NZEAEUB,Galaxy Watch9,Cream,,BLUETOOTH,O
NL,SM-L340NZEDWEU,Galaxy Watch9,Cream,,BLUETOOTH,O
NL,SM-L340NZKAEUB,Galaxy Watch9,Graphite,,BLUETOOTH,
NL,SM-L345FZEAEUB,Galaxy Watch9,Cream,,LTE,O
NL,SM-L345FZKAEUB,Galaxy Watch9,Graphite,,LTE,
NL,SM-L350NZKAEUB,Galaxy Watch9,Graphite,,BLUETOOTH,O
NL,SM-L350NZKDWEU,Galaxy Watch9,Graphite,,BLUETOOTH,O
NL,SM-L350NZSAEUB,Galaxy Watch9,Silver,,BLUETOOTH,
NL,SM-L350NZSDWEU,Galaxy Watch9,Silver,,BLUETOOTH,
NL,SM-L355FZKAEUB,Galaxy Watch9,Graphite,,LTE,O
NL,SM-L355FZSAEUB,Galaxy Watch9,Silver,,LTE,
NL,SM-L715FZKAEUB,Galaxy Watch Ultra2,Titanium Gray,,LTE,
NL,SM-L715FZSAEUB,Galaxy Watch Ultra2,Titanium Silver,,LTE,O
NZ,SM-F776BLGAXNZ,Galaxy Z Flip8,Mint,12GB,256GB,O
NZ,SM-F776BLGEXNZ,Galaxy Z Flip8,Mint,12GB,512GB,
NZ,SM-F776BLIAXNZ,Galaxy Z Flip8,Pink,12GB,256GB,O
NZ,SM-F776BLIEXNZ,Galaxy Z Flip8,Pink,12GB,512GB,
NZ,SM-F776BZKAXNZ,Galaxy Z Flip8,Graphite,12GB,256GB,
NZ,SM-F776BZKEXNZ,Galaxy Z Flip8,Graphite,12GB,512GB,
NZ,SM-F776BZWAXNZ,Galaxy Z Flip8,Cream,12GB,256GB,
NZ,SM-F776BZWEXNZ,Galaxy Z Flip8,Cream,12GB,512GB,
NZ,SM-F971BLVDXNZ,Galaxy Z Fold8,Lavender,12GB,256GB,O
NZ,SM-F971BLVGXNZ,Galaxy Z Fold8,Lavender,12GB,512GB,
NZ,SM-F971BLVHXNZ,Galaxy Z Fold8,Lavender,16GB,1TB,
NZ,SM-F971BZGDXNZ,Galaxy Z Fold8,Pistachio,12GB,256GB,O
NZ,SM-F971BZGGXNZ,Galaxy Z Fold8,Pistachio,12GB,512GB,
NZ,SM-F971BZGHXNZ,Galaxy Z Fold8,Pistachio,16GB,1TB,
NZ,SM-F971BZKDXNZ,Galaxy Z Fold8,Graphite,12GB,256GB,
NZ,SM-F971BZKGXNZ,Galaxy Z Fold8,Graphite,12GB,512GB,
NZ,SM-F971BZKHXNZ,Galaxy Z Fold8,Graphite,16GB,1TB,
NZ,SM-F971BZWDXNZ,Galaxy Z Fold8,Cream,12GB,256GB,
NZ,SM-F971BZWGXNZ,Galaxy Z Fold8,Cream,12GB,512GB,
NZ,SM-F971BZWHXNZ,Galaxy Z Fold8,Cream,16GB,1TB,
NZ,SM-F976BDGDXNZ,Galaxy Z Fold8 Ultra,Green Shadow,12GB,256GB,O
NZ,SM-F976BDGGXNZ,Galaxy Z Fold8 Ultra,Green Shadow,12GB,512GB,
NZ,SM-F976BDGHXNZ,Galaxy Z Fold8 Ultra,Green Shadow,16GB,1TB,
NZ,SM-F976BZKDXNZ,Galaxy Z Fold8 Ultra,Graphite,12GB,256GB,
NZ,SM-F976BZKGXNZ,Galaxy Z Fold8 Ultra,Graphite,12GB,512GB,
NZ,SM-F976BZKHXNZ,Galaxy Z Fold8 Ultra,Graphite,16GB,1TB,
NZ,SM-F976BZVDXNZ,Galaxy Z Fold8 Ultra,Violet Shadow,12GB,256GB,O
NZ,SM-F976BZVGXNZ,Galaxy Z Fold8 Ultra,Violet Shadow,12GB,512GB,
NZ,SM-F976BZVHXNZ,Galaxy Z Fold8 Ultra,Violet Shadow,16GB,1TB,
NZ,SM-F976BZWDXNZ,Galaxy Z Fold8 Ultra,Cream,12GB,256GB,
NZ,SM-F976BZWGXNZ,Galaxy Z Fold8 Ultra,Cream,12GB,512GB,
NZ,SM-F976BZWHXNZ,Galaxy Z Fold8 Ultra,Cream,16GB,1TB,
NZ,SM-L340NZEAXNZ,Galaxy Watch9,Cream,,BLUETOOTH,O
NZ,SM-L340NZKAXNZ,Galaxy Watch9,Graphite,,BLUETOOTH,
NZ,SM-L345FZEAXNZ,Galaxy Watch9,Cream,,LTE,O
NZ,SM-L345FZKAXNZ,Galaxy Watch9,Graphite,,LTE,
NZ,SM-L350NZKAXNZ,Galaxy Watch9,Graphite,,BLUETOOTH,O
NZ,SM-L350NZSAXNZ,Galaxy Watch9,Silver,,BLUETOOTH,
NZ,SM-L355FZKAXNZ,Galaxy Watch9,Graphite,,LTE,O
NZ,SM-L355FZSAXNZ,Galaxy Watch9,Silver,,LTE,
NZ,SM-L715FZKAXNZ,Galaxy Watch Ultra2,Titanium Gray,,LTE,
NZ,SM-L715FZSAXNZ,Galaxy Watch Ultra2,Titanium Silver,,LTE,O
PH,SM-F776BLGAPHL,Galaxy Z Flip8,Mint,12GB,256GB,
PH,SM-F776BLGEPHL,Galaxy Z Flip8,Mint,12GB,512GB,O
PH,SM-F776BLIAPHL,Galaxy Z Flip8,Pink,12GB,256GB,
PH,SM-F776BLIEPHL,Galaxy Z Flip8,Pink,12GB,512GB,O
PH,SM-F776BZKAPHL,Galaxy Z Flip8,Graphite,12GB,256GB,
PH,SM-F776BZKEPHL,Galaxy Z Flip8,Graphite,12GB,512GB,
PH,SM-F776BZWAPHL,Galaxy Z Flip8,Cream,12GB,256GB,
PH,SM-F776BZWEPHL,Galaxy Z Flip8,Cream,12GB,512GB,
PH,SM-F971BLVDPHL,Galaxy Z Fold8,Lavender,12GB,256GB,
PH,SM-F971BLVGPHL,Galaxy Z Fold8,Lavender,12GB,512GB,O
PH,SM-F971BLVHPHL,Galaxy Z Fold8,Lavender,16GB,1TB,
PH,SM-F971BZGDPHL,Galaxy Z Fold8,Pistachio,12GB,256GB,
PH,SM-F971BZGGPHL,Galaxy Z Fold8,Pistachio,12GB,512GB,O
PH,SM-F971BZGHPHL,Galaxy Z Fold8,Pistachio,16GB,1TB,
PH,SM-F971BZKDPHL,Galaxy Z Fold8,Graphite,12GB,256GB,
PH,SM-F971BZKGPHL,Galaxy Z Fold8,Graphite,12GB,512GB,
PH,SM-F971BZKHPHL,Galaxy Z Fold8,Graphite,16GB,1TB,
PH,SM-F971BZWDPHL,Galaxy Z Fold8,Cream,12GB,256GB,
PH,SM-F971BZWGPHL,Galaxy Z Fold8,Cream,12GB,512GB,
PH,SM-F971BZWHPHL,Galaxy Z Fold8,Cream,16GB,1TB,
PH,SM-F976BDGDPHL,Galaxy Z Fold8 Ultra,Green Shadow,12GB,256GB,
PH,SM-F976BDGGPHL,Galaxy Z Fold8 Ultra,Green Shadow,12GB,512GB,O
PH,SM-F976BDGHPHL,Galaxy Z Fold8 Ultra,Green Shadow,16GB,1TB,
PH,SM-F976BZKDPHL,Galaxy Z Fold8 Ultra,Graphite,12GB,256GB,
PH,SM-F976BZKGPHL,Galaxy Z Fold8 Ultra,Graphite,12GB,512GB,
PH,SM-F976BZKHPHL,Galaxy Z Fold8 Ultra,Graphite,16GB,1TB,
PH,SM-F976BZVDPHL,Galaxy Z Fold8 Ultra,Violet Shadow,12GB,256GB,
PH,SM-F976BZVGPHL,Galaxy Z Fold8 Ultra,Violet Shadow,12GB,512GB,O
PH,SM-F976BZVHPHL,Galaxy Z Fold8 Ultra,Violet Shadow,16GB,1TB,
PH,SM-F976BZWDPHL,Galaxy Z Fold8 Ultra,Cream,12GB,256GB,
PH,SM-F976BZWGPHL,Galaxy Z Fold8 Ultra,Cream,12GB,512GB,
PH,SM-F976BZWHPHL,Galaxy Z Fold8 Ultra,Cream,16GB,1TB,
PH,SM-L340NZEAASA,Galaxy Watch9,Cream,,BLUETOOTH,O
PH,SM-L340NZKAASA,Galaxy Watch9,Graphite,,BLUETOOTH,
PH,SM-L345FZEAXTC,Galaxy Watch9,Cream,,LTE,O
PH,SM-L345FZKAXTC,Galaxy Watch9,Graphite,,LTE,
PH,SM-L350NZKAASA,Galaxy Watch9,Graphite,,BLUETOOTH,O
PH,SM-L350NZSAASA,Galaxy Watch9,Silver,,BLUETOOTH,
PH,SM-L355FZKAXTC,Galaxy Watch9,Graphite,,LTE,O
PH,SM-L355FZSAXTC,Galaxy Watch9,Silver,,LTE,
PH,SM-L715FZKAXTC,Galaxy Watch Ultra2,Titanium Gray,,LTE,
PH,SM-L715FZSAXTC,Galaxy Watch Ultra2,Titanium Silver,,LTE,O
PL,SM-F776BLGGEUE,Galaxy Z Flip8,Mint,12GB,256GB,O
PL,SM-F776BLGHEUE,Galaxy Z Flip8,Mint,12GB,512GB,
PL,SM-F776BLIGEUE,Galaxy Z Flip8,Pink,12GB,256GB,O
PL,SM-F776BLIHEUE,Galaxy Z Flip8,Pink,12GB,512GB,
PL,SM-F776BZKGEUE,Galaxy Z Flip8,Graphite,12GB,256GB,
PL,SM-F776BZKHEUE,Galaxy Z Flip8,Graphite,12GB,512GB,
PL,SM-F776BZWGEUE,Galaxy Z Flip8,Cream,12GB,256GB,
PL,SM-F776BZWHEUE,Galaxy Z Flip8,Cream,12GB,512GB,
PL,SM-F971BLVBEUE,Galaxy Z Fold8,Lavender,12GB,256GB,O
PL,SM-F971BLVCEUE,Galaxy Z Fold8,Lavender,12GB,512GB,
PL,SM-F971BLVNEUE,Galaxy Z Fold8,Lavender,16GB,1TB,
PL,SM-F971BZGBEUE,Galaxy Z Fold8,Pistachio,12GB,256GB,O
PL,SM-F971BZGCEUE,Galaxy Z Fold8,Pistachio,12GB,512GB,
PL,SM-F971BZGNEUE,Galaxy Z Fold8,Pistachio,16GB,1TB,
PL,SM-F971BZKBEUE,Galaxy Z Fold8,Graphite,12GB,256GB,
PL,SM-F971BZKCEUE,Galaxy Z Fold8,Graphite,12GB,512GB,
PL,SM-F971BZKNEUE,Galaxy Z Fold8,Graphite,16GB,1TB,
PL,SM-F971BZWBEUE,Galaxy Z Fold8,Cream,12GB,256GB,
PL,SM-F971BZWCEUE,Galaxy Z Fold8,Cream,12GB,512GB,
PL,SM-F971BZWNEUE,Galaxy Z Fold8,Cream,16GB,1TB,
PL,SM-F976BDGBEUE,Galaxy Z Fold8 Ultra,Green Shadow,12GB,256GB,O
PL,SM-F976BDGCEUE,Galaxy Z Fold8 Ultra,Green Shadow,12GB,512GB,
PL,SM-F976BDGNEUE,Galaxy Z Fold8 Ultra,Green Shadow,16GB,1TB,
PL,SM-F976BZKBEUE,Galaxy Z Fold8 Ultra,Graphite,12GB,256GB,
PL,SM-F976BZKCEUE,Galaxy Z Fold8 Ultra,Graphite,12GB,512GB,
PL,SM-F976BZKNEUE,Galaxy Z Fold8 Ultra,Graphite,16GB,1TB,
PL,SM-F976BZVBEUE,Galaxy Z Fold8 Ultra,Violet Shadow,12GB,256GB,O
PL,SM-F976BZVCEUE,Galaxy Z Fold8 Ultra,Violet Shadow,12GB,512GB,
PL,SM-F976BZVNEUE,Galaxy Z Fold8 Ultra,Violet Shadow,16GB,1TB,
PL,SM-F976BZWBEUE,Galaxy Z Fold8 Ultra,Cream,12GB,256GB,
PL,SM-F976BZWCEUE,Galaxy Z Fold8 Ultra,Cream,12GB,512GB,
PL,SM-F976BZWNEUE,Galaxy Z Fold8 Ultra,Cream,16GB,1TB,
PL,SM-L340NZEAEUE,Galaxy Watch9,Cream,,BLUETOOTH,O
PL,SM-L340NZKAEUE,Galaxy Watch9,Graphite,,BLUETOOTH,
PL,SM-L345FZEAEUE,Galaxy Watch9,Cream,,LTE,O
PL,SM-L345FZKAEUE,Galaxy Watch9,Graphite,,LTE,
PL,SM-L350NZKAEUE,Galaxy Watch9,Graphite,,BLUETOOTH,O
PL,SM-L350NZSAEUE,Galaxy Watch9,Silver,,BLUETOOTH,
PL,SM-L355FZKAEUE,Galaxy Watch9,Graphite,,LTE,O
PL,SM-L355FZSAEUE,Galaxy Watch9,Silver,,LTE,
PL,SM-L715FZKAEUE,Galaxy Watch Ultra2,Titanium Gray,,LTE,O
PL,SM-L715FZSAEUE,Galaxy Watch Ultra2,Titanium Silver,,LTE,
PT,SM-F776BLGGEUB,Galaxy Z Flip8,Mint,12GB,256GB,O
PT,SM-F776BLGHEUB,Galaxy Z Flip8,Mint,12GB,512GB,
PT,SM-F776BLIGEUB,Galaxy Z Flip8,Pink,12GB,256GB,O
PT,SM-F776BLIHEUB,Galaxy Z Flip8,Pink,12GB,512GB,
PT,SM-F776BZKGEUB,Galaxy Z Flip8,Graphite,12GB,256GB,
PT,SM-F776BZKHEUB,Galaxy Z Flip8,Graphite,12GB,512GB,
PT,SM-F776BZWGEUB,Galaxy Z Flip8,Cream,12GB,256GB,
PT,SM-F776BZWHEUB,Galaxy Z Flip8,Cream,12GB,512GB,
PT,SM-F971BLVBEUB,Galaxy Z Fold8,Lavender,12GB,256GB,O
PT,SM-F971BLVCEUB,Galaxy Z Fold8,Lavender,12GB,512GB,
PT,SM-F971BLVNEUB,Galaxy Z Fold8,Lavender,16GB,1TB,
PT,SM-F971BZGBEUB,Galaxy Z Fold8,Pistachio,12GB,256GB,O
PT,SM-F971BZGCEUB,Galaxy Z Fold8,Pistachio,12GB,512GB,
PT,SM-F971BZGNEUB,Galaxy Z Fold8,Pistachio,16GB,1TB,
PT,SM-F971BZKBEUB,Galaxy Z Fold8,Graphite,12GB,256GB,
PT,SM-F971BZKCEUB,Galaxy Z Fold8,Graphite,12GB,512GB,
PT,SM-F971BZKNEUB,Galaxy Z Fold8,Graphite,16GB,1TB,
PT,SM-F971BZWBEUB,Galaxy Z Fold8,Cream,12GB,256GB,
PT,SM-F971BZWCEUB,Galaxy Z Fold8,Cream,12GB,512GB,
PT,SM-F971BZWNEUB,Galaxy Z Fold8,Cream,16GB,1TB,
PT,SM-F976BDGBEUB,Galaxy Z Fold8 Ultra,Green Shadow,12GB,256GB,O
PT,SM-F976BDGCEUB,Galaxy Z Fold8 Ultra,Green Shadow,12GB,512GB,
PT,SM-F976BDGNEUB,Galaxy Z Fold8 Ultra,Green Shadow,16GB,1TB,
PT,SM-F976BZKBEUB,Galaxy Z Fold8 Ultra,Graphite,12GB,256GB,
PT,SM-F976BZKCEUB,Galaxy Z Fold8 Ultra,Graphite,12GB,512GB,
PT,SM-F976BZKNEUB,Galaxy Z Fold8 Ultra,Graphite,16GB,1TB,
PT,SM-F976BZVBEUB,Galaxy Z Fold8 Ultra,Violet Shadow,12GB,256GB,O
PT,SM-F976BZVCEUB,Galaxy Z Fold8 Ultra,Violet Shadow,12GB,512GB,
PT,SM-F976BZVNEUB,Galaxy Z Fold8 Ultra,Violet Shadow,16GB,1TB,
PT,SM-F976BZWBEUB,Galaxy Z Fold8 Ultra,Cream,12GB,256GB,
PT,SM-F976BZWCEUB,Galaxy Z Fold8 Ultra,Cream,12GB,512GB,
PT,SM-F976BZWNEUB,Galaxy Z Fold8 Ultra,Cream,16GB,1TB,
PT,SM-L340NZEAEUB,Galaxy Watch9,Cream,,BLUETOOTH,O
PT,SM-L340NZEDWEU,Galaxy Watch9,Cream,,BLUETOOTH,O
PT,SM-L340NZKAEUB,Galaxy Watch9,Graphite,,BLUETOOTH,
PT,SM-L340NZKDWEU,Galaxy Watch9,Graphite,,BLUETOOTH,
PT,SM-L345FZEAEUB,Galaxy Watch9,Cream,,LTE,O
PT,SM-L345FZKAEUB,Galaxy Watch9,Graphite,,LTE,
PT,SM-L350NZKAEUB,Galaxy Watch9,Graphite,,BLUETOOTH,O
PT,SM-L350NZKDWEU,Galaxy Watch9,Graphite,,BLUETOOTH,O
PT,SM-L350NZSAEUB,Galaxy Watch9,Silver,,BLUETOOTH,
PT,SM-L350NZSDWEU,Galaxy Watch9,Silver,,BLUETOOTH,
PT,SM-L355FZKAEUB,Galaxy Watch9,Graphite,,LTE,O
PT,SM-L355FZSAEUB,Galaxy Watch9,Silver,,LTE,
PT,SM-L715FZKAEUB,Galaxy Watch Ultra2,Titanium Gray,,LTE,
PT,SM-L715FZSAEUB,Galaxy Watch Ultra2,Titanium Silver,,LTE,O
RO,SM-F776BLGGEUE,Galaxy Z Flip8,Mint,12GB,256GB,
RO,SM-F776BLGHEUE,Galaxy Z Flip8,Mint,12GB,512GB,O
RO,SM-F776BLIGEUE,Galaxy Z Flip8,Pink,12GB,256GB,
RO,SM-F776BLIHEUE,Galaxy Z Flip8,Pink,12GB,512GB,O
RO,SM-F776BZKGEUE,Galaxy Z Flip8,Graphite,12GB,256GB,
RO,SM-F776BZKHEUE,Galaxy Z Flip8,Graphite,12GB,512GB,
RO,SM-F776BZWGEUE,Galaxy Z Flip8,Cream,12GB,256GB,
RO,SM-F776BZWHEUE,Galaxy Z Flip8,Cream,12GB,512GB,
RO,SM-F971BLVBEUE,Galaxy Z Fold8,Lavender,12GB,256GB,
RO,SM-F971BLVCEUE,Galaxy Z Fold8,Lavender,12GB,512GB,O
RO,SM-F971BLVNEUE,Galaxy Z Fold8,Lavender,16GB,1TB,
RO,SM-F971BZGBEUE,Galaxy Z Fold8,Pistachio,12GB,256GB,
RO,SM-F971BZGCEUE,Galaxy Z Fold8,Pistachio,12GB,512GB,O
RO,SM-F971BZGNEUE,Galaxy Z Fold8,Pistachio,16GB,1TB,
RO,SM-F971BZKBEUE,Galaxy Z Fold8,Graphite,12GB,256GB,
RO,SM-F971BZKCEUE,Galaxy Z Fold8,Graphite,12GB,512GB,
RO,SM-F971BZKNEUE,Galaxy Z Fold8,Graphite,16GB,1TB,
RO,SM-F971BZWBEUE,Galaxy Z Fold8,Cream,12GB,256GB,
RO,SM-F971BZWCEUE,Galaxy Z Fold8,Cream,12GB,512GB,
RO,SM-F971BZWNEUE,Galaxy Z Fold8,Cream,16GB,1TB,
RO,SM-F976BDGBEUE,Galaxy Z Fold8 Ultra,Green Shadow,12GB,256GB,
RO,SM-F976BDGCEUE,Galaxy Z Fold8 Ultra,Green Shadow,12GB,512GB,O
RO,SM-F976BDGNEUE,Galaxy Z Fold8 Ultra,Green Shadow,16GB,1TB,
RO,SM-F976BZKBEUE,Galaxy Z Fold8 Ultra,Graphite,12GB,256GB,
RO,SM-F976BZKCEUE,Galaxy Z Fold8 Ultra,Graphite,12GB,512GB,
RO,SM-F976BZKNEUE,Galaxy Z Fold8 Ultra,Graphite,16GB,1TB,
RO,SM-F976BZVBEUE,Galaxy Z Fold8 Ultra,Violet Shadow,12GB,256GB,
RO,SM-F976BZVCEUE,Galaxy Z Fold8 Ultra,Violet Shadow,12GB,512GB,O
RO,SM-F976BZVNEUE,Galaxy Z Fold8 Ultra,Violet Shadow,16GB,1TB,
RO,SM-F976BZWBEUE,Galaxy Z Fold8 Ultra,Cream,12GB,256GB,
RO,SM-F976BZWCEUE,Galaxy Z Fold8 Ultra,Cream,12GB,512GB,
RO,SM-F976BZWNEUE,Galaxy Z Fold8 Ultra,Cream,16GB,1TB,
RO,SM-L340NZEAEUE,Galaxy Watch9,Cream,,BLUETOOTH,O
RO,SM-L340NZKAEUE,Galaxy Watch9,Graphite,,BLUETOOTH,
RO,SM-L345FZEAEUE,Galaxy Watch9,Cream,,LTE,O
RO,SM-L345FZKAEUE,Galaxy Watch9,Graphite,,LTE,
RO,SM-L350NZKAEUE,Galaxy Watch9,Graphite,,BLUETOOTH,O
RO,SM-L350NZSAEUE,Galaxy Watch9,Silver,,BLUETOOTH,
RO,SM-L355FZKAEUE,Galaxy Watch9,Graphite,,LTE,O
RO,SM-L355FZSAEUE,Galaxy Watch9,Silver,,LTE,
RO,SM-L715FZKAEUE,Galaxy Watch Ultra2,Titanium Gray,,LTE,
RO,SM-L715FZSAEUE,Galaxy Watch Ultra2,Titanium Silver,,LTE,O
SA,SM-F776BLGOMEA,Galaxy Z Flip8,Mint,12GB,256GB,
SA,SM-F776BLGPMEA,Galaxy Z Flip8,Mint,12GB,512GB,O
SA,SM-F776BLIOMEA,Galaxy Z Flip8,Pink,12GB,256GB,
SA,SM-F776BLIPMEA,Galaxy Z Flip8,Pink,12GB,512GB,O
SA,SM-F776BZKOMEA,Galaxy Z Flip8,Graphite,12GB,256GB,
SA,SM-F776BZKPMEA,Galaxy Z Flip8,Graphite,12GB,512GB,
SA,SM-F776BZWOMEA,Galaxy Z Flip8,Cream,12GB,256GB,
SA,SM-F776BZWPMEA,Galaxy Z Flip8,Cream,12GB,512GB,
SA,SM-F971BLVIMEA,Galaxy Z Fold8,Lavender,12GB,256GB,
SA,SM-F971BLVOMEA,Galaxy Z Fold8,Lavender,12GB,512GB,O
SA,SM-F971BLVPMEA,Galaxy Z Fold8,Lavender,16GB,1TB,
SA,SM-F971BZGIMEA,Galaxy Z Fold8,Pistachio,12GB,256GB,
SA,SM-F971BZGOMEA,Galaxy Z Fold8,Pistachio,12GB,512GB,O
SA,SM-F971BZGPMEA,Galaxy Z Fold8,Pistachio,16GB,1TB,
SA,SM-F971BZKIMEA,Galaxy Z Fold8,Graphite,12GB,256GB,
SA,SM-F971BZKOMEA,Galaxy Z Fold8,Graphite,12GB,512GB,
SA,SM-F971BZKPMEA,Galaxy Z Fold8,Graphite,16GB,1TB,
SA,SM-F971BZWIMEA,Galaxy Z Fold8,Cream,12GB,256GB,
SA,SM-F971BZWOMEA,Galaxy Z Fold8,Cream,12GB,512GB,
SA,SM-F971BZWPMEA,Galaxy Z Fold8,Cream,16GB,1TB,
SA,SM-F976BDGIMEA,Galaxy Z Fold8 Ultra,Green Shadow,12GB,256GB,
SA,SM-F976BDGOMEA,Galaxy Z Fold8 Ultra,Green Shadow,12GB,512GB,O
SA,SM-F976BDGPMEA,Galaxy Z Fold8 Ultra,Green Shadow,16GB,1TB,
SA,SM-F976BZKIMEA,Galaxy Z Fold8 Ultra,Graphite,12GB,256GB,
SA,SM-F976BZKOMEA,Galaxy Z Fold8 Ultra,Graphite,12GB,512GB,
SA,SM-F976BZKPMEA,Galaxy Z Fold8 Ultra,Graphite,16GB,1TB,
SA,SM-F976BZVIMEA,Galaxy Z Fold8 Ultra,Violet Shadow,12GB,256GB,
SA,SM-F976BZVOMEA,Galaxy Z Fold8 Ultra,Violet Shadow,12GB,512GB,O
SA,SM-F976BZVPMEA,Galaxy Z Fold8 Ultra,Violet Shadow,16GB,1TB,
SA,SM-F976BZWIMEA,Galaxy Z Fold8 Ultra,Cream,12GB,256GB,
SA,SM-F976BZWOMEA,Galaxy Z Fold8 Ultra,Cream,12GB,512GB,
SA,SM-F976BZWPMEA,Galaxy Z Fold8 Ultra,Cream,16GB,1TB,
SA,SM-L340NZEAMEA,Galaxy Watch9,Cream,,BLUETOOTH,O
SA,SM-L340NZKAMEA,Galaxy Watch9,Graphite,,BLUETOOTH,
SA,SM-L350NZKAMEA,Galaxy Watch9,Graphite,,BLUETOOTH,O
SA,SM-L350NZSAMEA,Galaxy Watch9,Silver,,BLUETOOTH,
SA,SM-L715FZKAKSA,Galaxy Watch Ultra2,Titanium Gray,,LTE,
SA,SM-L715FZSAKSA,Galaxy Watch Ultra2,Titanium Silver,,LTE,O
SA_EN,SM-F776BLGOMEA,Galaxy Z Flip8,Mint,12GB,256GB,
SA_EN,SM-F776BLGPMEA,Galaxy Z Flip8,Mint,12GB,512GB,O
SA_EN,SM-F776BLIOMEA,Galaxy Z Flip8,Pink,12GB,256GB,
SA_EN,SM-F776BLIPMEA,Galaxy Z Flip8,Pink,12GB,512GB,O
SA_EN,SM-F776BZKOMEA,Galaxy Z Flip8,Graphite,12GB,256GB,
SA_EN,SM-F776BZKPMEA,Galaxy Z Flip8,Graphite,12GB,512GB,
SA_EN,SM-F776BZWOMEA,Galaxy Z Flip8,Cream,12GB,256GB,
SA_EN,SM-F776BZWPMEA,Galaxy Z Flip8,Cream,12GB,512GB,
SA_EN,SM-F971BLVIMEA,Galaxy Z Fold8,Lavender,12GB,256GB,
SA_EN,SM-F971BLVOMEA,Galaxy Z Fold8,Lavender,12GB,512GB,O
SA_EN,SM-F971BLVPMEA,Galaxy Z Fold8,Lavender,16GB,1TB,
SA_EN,SM-F971BZGIMEA,Galaxy Z Fold8,Pistachio,12GB,256GB,
SA_EN,SM-F971BZGOMEA,Galaxy Z Fold8,Pistachio,12GB,512GB,O
SA_EN,SM-F971BZGPMEA,Galaxy Z Fold8,Pistachio,16GB,1TB,
SA_EN,SM-F971BZKIMEA,Galaxy Z Fold8,Graphite,12GB,256GB,
SA_EN,SM-F971BZKOMEA,Galaxy Z Fold8,Graphite,12GB,512GB,
SA_EN,SM-F971BZKPMEA,Galaxy Z Fold8,Graphite,16GB,1TB,
SA_EN,SM-F971BZWIMEA,Galaxy Z Fold8,Cream,12GB,256GB,
SA_EN,SM-F971BZWOMEA,Galaxy Z Fold8,Cream,12GB,512GB,
SA_EN,SM-F971BZWPMEA,Galaxy Z Fold8,Cream,16GB,1TB,
SA_EN,SM-F976BDGIMEA,Galaxy Z Fold8 Ultra,Green Shadow,12GB,256GB,
SA_EN,SM-F976BDGOMEA,Galaxy Z Fold8 Ultra,Green Shadow,12GB,512GB,O
SA_EN,SM-F976BDGPMEA,Galaxy Z Fold8 Ultra,Green Shadow,16GB,1TB,
SA_EN,SM-F976BZKIMEA,Galaxy Z Fold8 Ultra,Graphite,12GB,256GB,
SA_EN,SM-F976BZKOMEA,Galaxy Z Fold8 Ultra,Graphite,12GB,512GB,
SA_EN,SM-F976BZKPMEA,Galaxy Z Fold8 Ultra,Graphite,16GB,1TB,
SA_EN,SM-F976BZVIMEA,Galaxy Z Fold8 Ultra,Violet Shadow,12GB,256GB,
SA_EN,SM-F976BZVOMEA,Galaxy Z Fold8 Ultra,Violet Shadow,12GB,512GB,O
SA_EN,SM-F976BZVPMEA,Galaxy Z Fold8 Ultra,Violet Shadow,16GB,1TB,
SA_EN,SM-F976BZWIMEA,Galaxy Z Fold8 Ultra,Cream,12GB,256GB,
SA_EN,SM-F976BZWOMEA,Galaxy Z Fold8 Ultra,Cream,12GB,512GB,
SA_EN,SM-F976BZWPMEA,Galaxy Z Fold8 Ultra,Cream,16GB,1TB,
SA_EN,SM-L340NZEAMEA,Galaxy Watch9,Cream,,BLUETOOTH,O
SA_EN,SM-L340NZKAMEA,Galaxy Watch9,Graphite,,BLUETOOTH,
SA_EN,SM-L350NZKAMEA,Galaxy Watch9,Graphite,,BLUETOOTH,O
SA_EN,SM-L350NZSAMEA,Galaxy Watch9,Silver,,BLUETOOTH,
SA_EN,SM-L715FZKAKSA,Galaxy Watch Ultra2,Titanium Gray,,LTE,
SA_EN,SM-L715FZSAKSA,Galaxy Watch Ultra2,Titanium Silver,,LTE,O
SE,SM-F776BLGGEUB,Galaxy Z Flip8,Mint,12GB,256GB,O
SE,SM-F776BLGHEUB,Galaxy Z Flip8,Mint,12GB,512GB,
SE,SM-F776BLIGEUB,Galaxy Z Flip8,Pink,12GB,256GB,O
SE,SM-F776BLIHEUB,Galaxy Z Flip8,Pink,12GB,512GB,
SE,SM-F776BZKGEUB,Galaxy Z Flip8,Graphite,12GB,256GB,
SE,SM-F776BZKHEUB,Galaxy Z Flip8,Graphite,12GB,512GB,
SE,SM-F776BZWGEUB,Galaxy Z Flip8,Cream,12GB,256GB,
SE,SM-F776BZWHEUB,Galaxy Z Flip8,Cream,12GB,512GB,
SE,SM-F971BLVBEUB,Galaxy Z Fold8,Lavender,12GB,256GB,O
SE,SM-F971BLVCEUB,Galaxy Z Fold8,Lavender,12GB,512GB,
SE,SM-F971BLVNEUB,Galaxy Z Fold8,Lavender,16GB,1TB,
SE,SM-F971BZGBEUB,Galaxy Z Fold8,Pistachio,12GB,256GB,O
SE,SM-F971BZGCEUB,Galaxy Z Fold8,Pistachio,12GB,512GB,
SE,SM-F971BZGNEUB,Galaxy Z Fold8,Pistachio,16GB,1TB,
SE,SM-F971BZKBEUB,Galaxy Z Fold8,Graphite,12GB,256GB,
SE,SM-F971BZKCEUB,Galaxy Z Fold8,Graphite,12GB,512GB,
SE,SM-F971BZKNEUB,Galaxy Z Fold8,Graphite,16GB,1TB,
SE,SM-F971BZWBEUB,Galaxy Z Fold8,Cream,12GB,256GB,
SE,SM-F971BZWCEUB,Galaxy Z Fold8,Cream,12GB,512GB,
SE,SM-F971BZWNEUB,Galaxy Z Fold8,Cream,16GB,1TB,
SE,SM-F976BDGBEUB,Galaxy Z Fold8 Ultra,Green Shadow,12GB,256GB,O
SE,SM-F976BDGCEUB,Galaxy Z Fold8 Ultra,Green Shadow,12GB,512GB,
SE,SM-F976BDGNEUB,Galaxy Z Fold8 Ultra,Green Shadow,16GB,1TB,
SE,SM-F976BZKBEUB,Galaxy Z Fold8 Ultra,Graphite,12GB,256GB,
SE,SM-F976BZKCEUB,Galaxy Z Fold8 Ultra,Graphite,12GB,512GB,
SE,SM-F976BZKNEUB,Galaxy Z Fold8 Ultra,Graphite,16GB,1TB,
SE,SM-F976BZVBEUB,Galaxy Z Fold8 Ultra,Violet Shadow,12GB,256GB,O
SE,SM-F976BZVCEUB,Galaxy Z Fold8 Ultra,Violet Shadow,12GB,512GB,
SE,SM-F976BZVNEUB,Galaxy Z Fold8 Ultra,Violet Shadow,16GB,1TB,
SE,SM-F976BZWBEUB,Galaxy Z Fold8 Ultra,Cream,12GB,256GB,
SE,SM-F976BZWCEUB,Galaxy Z Fold8 Ultra,Cream,12GB,512GB,
SE,SM-F976BZWNEUB,Galaxy Z Fold8 Ultra,Cream,16GB,1TB,
SE,SM-L340NZEAEUB,Galaxy Watch9,Cream,,BLUETOOTH,O
SE,SM-L340NZEDWEU,Galaxy Watch9,Cream,,BLUETOOTH,O
SE,SM-L340NZKAEUB,Galaxy Watch9,Graphite,,BLUETOOTH,
SE,SM-L340NZKDWEU,Galaxy Watch9,Graphite,,BLUETOOTH,
SE,SM-L345FZEAEUB,Galaxy Watch9,Cream,,LTE,O
SE,SM-L345FZKAEUB,Galaxy Watch9,Graphite,,LTE,
SE,SM-L350NZKAEUB,Galaxy Watch9,Graphite,,BLUETOOTH,O
SE,SM-L350NZKDWEU,Galaxy Watch9,Graphite,,BLUETOOTH,O
SE,SM-L350NZSAEUB,Galaxy Watch9,Silver,,BLUETOOTH,
SE,SM-L350NZSDWEU,Galaxy Watch9,Silver,,BLUETOOTH,
SE,SM-L355FZKAEUB,Galaxy Watch9,Graphite,,LTE,O
SE,SM-L355FZSAEUB,Galaxy Watch9,Silver,,LTE,
SE,SM-L715FZKAEUB,Galaxy Watch Ultra2,Titanium Gray,,LTE,
SE,SM-L715FZSAEUB,Galaxy Watch Ultra2,Titanium Silver,,LTE,O
SG,SM-F776BLGAXSP,Galaxy Z Flip8,Mint,12GB,256GB,
SG,SM-F776BLGEXSP,Galaxy Z Flip8,Mint,12GB,512GB,O
SG,SM-F776BLIAXSP,Galaxy Z Flip8,Pink,12GB,256GB,
SG,SM-F776BLIEXSP,Galaxy Z Flip8,Pink,12GB,512GB,O
SG,SM-F776BZKAXSP,Galaxy Z Flip8,Graphite,12GB,256GB,
SG,SM-F776BZKEXSP,Galaxy Z Flip8,Graphite,12GB,512GB,
SG,SM-F776BZWAXSP,Galaxy Z Flip8,Cream,12GB,256GB,
SG,SM-F776BZWEXSP,Galaxy Z Flip8,Cream,12GB,512GB,
SG,SM-F971BLVDXSP,Galaxy Z Fold8,Lavender,12GB,256GB,
SG,SM-F971BLVGXSP,Galaxy Z Fold8,Lavender,12GB,512GB,O
SG,SM-F971BLVHXSP,Galaxy Z Fold8,Lavender,16GB,1TB,
SG,SM-F971BZGDXSP,Galaxy Z Fold8,Pistachio,12GB,256GB,
SG,SM-F971BZGGXSP,Galaxy Z Fold8,Pistachio,12GB,512GB,O
SG,SM-F971BZGHXSP,Galaxy Z Fold8,Pistachio,16GB,1TB,
SG,SM-F971BZKDXSP,Galaxy Z Fold8,Graphite,12GB,256GB,
SG,SM-F971BZKGXSP,Galaxy Z Fold8,Graphite,12GB,512GB,
SG,SM-F971BZKHXSP,Galaxy Z Fold8,Graphite,16GB,1TB,
SG,SM-F971BZWDXSP,Galaxy Z Fold8,Cream,12GB,256GB,
SG,SM-F971BZWGXSP,Galaxy Z Fold8,Cream,12GB,512GB,
SG,SM-F971BZWHXSP,Galaxy Z Fold8,Cream,16GB,1TB,
SG,SM-F976BDGDXSP,Galaxy Z Fold8 Ultra,Green Shadow,12GB,256GB,
SG,SM-F976BDGGXSP,Galaxy Z Fold8 Ultra,Green Shadow,12GB,512GB,O
SG,SM-F976BDGHXSP,Galaxy Z Fold8 Ultra,Green Shadow,16GB,1TB,
SG,SM-F976BZKDXSP,Galaxy Z Fold8 Ultra,Graphite,12GB,256GB,
SG,SM-F976BZKGXSP,Galaxy Z Fold8 Ultra,Graphite,12GB,512GB,
SG,SM-F976BZKHXSP,Galaxy Z Fold8 Ultra,Graphite,16GB,1TB,
SG,SM-F976BZVDXSP,Galaxy Z Fold8 Ultra,Violet Shadow,12GB,256GB,
SG,SM-F976BZVGXSP,Galaxy Z Fold8 Ultra,Violet Shadow,12GB,512GB,O
SG,SM-F976BZVHXSP,Galaxy Z Fold8 Ultra,Violet Shadow,16GB,1TB,
SG,SM-F976BZWDXSP,Galaxy Z Fold8 Ultra,Cream,12GB,256GB,
SG,SM-F976BZWGXSP,Galaxy Z Fold8 Ultra,Cream,12GB,512GB,
SG,SM-F976BZWHXSP,Galaxy Z Fold8 Ultra,Cream,16GB,1TB,
SG,SM-L340NZEAASA,Galaxy Watch9,Cream,,BLUETOOTH,O
SG,SM-L340NZKAASA,Galaxy Watch9,Graphite,,BLUETOOTH,
SG,SM-L345FZEAXSP,Galaxy Watch9,Cream,,LTE,O
SG,SM-L345FZKAXSP,Galaxy Watch9,Graphite,,LTE,
SG,SM-L350NZKAASA,Galaxy Watch9,Graphite,,BLUETOOTH,O
SG,SM-L350NZSAASA,Galaxy Watch9,Silver,,BLUETOOTH,
SG,SM-L355FZKAXSP,Galaxy Watch9,Graphite,,LTE,O
SG,SM-L355FZSAXSP,Galaxy Watch9,Silver,,LTE,
SG,SM-L715FZKAXSP,Galaxy Watch Ultra2,Titanium Gray,,LTE,
SG,SM-L715FZSAXSP,Galaxy Watch Ultra2,Titanium Silver,,LTE,O
TH,SM-F776BLGATHL,Galaxy Z Flip8,Mint,12GB,256GB,
TH,SM-F776BLGETHL,Galaxy Z Flip8,Mint,12GB,512GB,O
TH,SM-F776BLIATHL,Galaxy Z Flip8,Pink,12GB,256GB,
TH,SM-F776BLIETHL,Galaxy Z Flip8,Pink,12GB,512GB,O
TH,SM-F776BZKATHL,Galaxy Z Flip8,Graphite,12GB,256GB,
TH,SM-F776BZKETHL,Galaxy Z Flip8,Graphite,12GB,512GB,
TH,SM-F776BZWATHL,Galaxy Z Flip8,Cream,12GB,256GB,
TH,SM-F776BZWETHL,Galaxy Z Flip8,Cream,12GB,512GB,
TH,SM-F971BLVDTHL,Galaxy Z Fold8,Lavender,12GB,256GB,
TH,SM-F971BLVGTHL,Galaxy Z Fold8,Lavender,12GB,512GB,O
TH,SM-F971BLVHTHL,Galaxy Z Fold8,Lavender,16GB,1TB,
TH,SM-F971BZGDTHL,Galaxy Z Fold8,Pistachio,12GB,256GB,
TH,SM-F971BZGGTHL,Galaxy Z Fold8,Pistachio,12GB,512GB,O
TH,SM-F971BZGHTHL,Galaxy Z Fold8,Pistachio,16GB,1TB,
TH,SM-F971BZKDTHL,Galaxy Z Fold8,Graphite,12GB,256GB,
TH,SM-F971BZKGTHL,Galaxy Z Fold8,Graphite,12GB,512GB,
TH,SM-F971BZKHTHL,Galaxy Z Fold8,Graphite,16GB,1TB,
TH,SM-F971BZWDTHL,Galaxy Z Fold8,Cream,12GB,256GB,
TH,SM-F971BZWGTHL,Galaxy Z Fold8,Cream,12GB,512GB,
TH,SM-F971BZWHTHL,Galaxy Z Fold8,Cream,16GB,1TB,
TH,SM-F976BDGDTHL,Galaxy Z Fold8 Ultra,Green Shadow,12GB,256GB,
TH,SM-F976BDGGTHL,Galaxy Z Fold8 Ultra,Green Shadow,12GB,512GB,O
TH,SM-F976BDGHTHL,Galaxy Z Fold8 Ultra,Green Shadow,16GB,1TB,
TH,SM-F976BZKDTHL,Galaxy Z Fold8 Ultra,Graphite,12GB,256GB,
TH,SM-F976BZKGTHL,Galaxy Z Fold8 Ultra,Graphite,12GB,512GB,
TH,SM-F976BZKHTHL,Galaxy Z Fold8 Ultra,Graphite,16GB,1TB,
TH,SM-F976BZVDTHL,Galaxy Z Fold8 Ultra,Violet Shadow,12GB,256GB,
TH,SM-F976BZVGTHL,Galaxy Z Fold8 Ultra,Violet Shadow,12GB,512GB,O
TH,SM-F976BZVHTHL,Galaxy Z Fold8 Ultra,Violet Shadow,16GB,1TB,
TH,SM-F976BZWDTHL,Galaxy Z Fold8 Ultra,Cream,12GB,256GB,
TH,SM-F976BZWGTHL,Galaxy Z Fold8 Ultra,Cream,12GB,512GB,
TH,SM-F976BZWHTHL,Galaxy Z Fold8 Ultra,Cream,16GB,1TB,
TH,SM-L340NZEAASA,Galaxy Watch9,Cream,,BLUETOOTH,O
TH,SM-L340NZKAASA,Galaxy Watch9,Graphite,,BLUETOOTH,
TH,SM-L350NZKAASA,Galaxy Watch9,Graphite,,BLUETOOTH,O
TH,SM-L350NZSAASA,Galaxy Watch9,Silver,,BLUETOOTH,
TH,SM-L715FZKATHL,Galaxy Watch Ultra2,Titanium Gray,,LTE,
TH,SM-L715FZSATHL,Galaxy Watch Ultra2,Titanium Silver,,LTE,O
TR,SM-F776BLGGTUR,Galaxy Z Flip8,Mint,12GB,256GB,O
TR,SM-F776BLIGTUR,Galaxy Z Flip8,Pink,12GB,256GB,O
TR,SM-F776BLIHTUR,Galaxy Z Flip8,Pink,12GB,512GB,
TR,SM-F776BZKGTUR,Galaxy Z Flip8,Graphite,12GB,256GB,
TR,SM-F776BZKHTUR,Galaxy Z Flip8,Graphite,12GB,512GB,
TR,SM-F776BZWGTUR,Galaxy Z Flip8,Cream,12GB,256GB,
TR,SM-F776BZWHTUR,Galaxy Z Flip8,Cream,12GB,512GB,
TR,SM-F971BLVBTUR,Galaxy Z Fold8,Lavender,12GB,256GB,O
TR,SM-F971BLVCTUR,Galaxy Z Fold8,Lavender,12GB,512GB,
TR,SM-F971BLVNTUR,Galaxy Z Fold8,Lavender,16GB,1TB,
TR,SM-F971BZGBTUR,Galaxy Z Fold8,Pistachio,12GB,256GB,O
TR,SM-F971BZKBTUR,Galaxy Z Fold8,Graphite,12GB,256GB,
TR,SM-F971BZKCTUR,Galaxy Z Fold8,Graphite,12GB,512GB,
TR,SM-F971BZKNTUR,Galaxy Z Fold8,Graphite,16GB,1TB,
TR,SM-F971BZWBTUR,Galaxy Z Fold8,Cream,12GB,256GB,
TR,SM-F971BZWCTUR,Galaxy Z Fold8,Cream,12GB,512GB,
TR,SM-F971BZWNTUR,Galaxy Z Fold8,Cream,16GB,1TB,
TR,SM-F976BDGBTUR,Galaxy Z Fold8 Ultra,Green Shadow,12GB,256GB,O
TR,SM-F976BZKBTUR,Galaxy Z Fold8 Ultra,Graphite,12GB,256GB,
TR,SM-F976BZKCTUR,Galaxy Z Fold8 Ultra,Graphite,12GB,512GB,
TR,SM-F976BZKNTUR,Galaxy Z Fold8 Ultra,Graphite,16GB,1TB,
TR,SM-F976BZVBTUR,Galaxy Z Fold8 Ultra,Violet Shadow,12GB,256GB,O
TR,SM-F976BZVCTUR,Galaxy Z Fold8 Ultra,Violet Shadow,12GB,512GB,
TR,SM-F976BZVNTUR,Galaxy Z Fold8 Ultra,Violet Shadow,16GB,1TB,
TR,SM-F976BZWBTUR,Galaxy Z Fold8 Ultra,Cream,12GB,256GB,
TR,SM-F976BZWCTUR,Galaxy Z Fold8 Ultra,Cream,12GB,512GB,
TR,SM-F976BZWNTUR,Galaxy Z Fold8 Ultra,Cream,16GB,1TB,
TR,SM-L340NZEATUR,Galaxy Watch9,Cream,,BLUETOOTH,O
TR,SM-L340NZKATUR,Galaxy Watch9,Graphite,,BLUETOOTH,
TR,SM-L350NZKATUR,Galaxy Watch9,Graphite,,BLUETOOTH,O
TR,SM-L350NZSATUR,Galaxy Watch9,Silver,,BLUETOOTH,
TR,SM-L710NZKATUR,Galaxy Watch Ultra2,Titanium Gray,,BLUETOOTH,
TR,SM-L710NZSATUR,Galaxy Watch Ultra2,Titanium Silver,,BLUETOOTH,O
TW,SM-F7760LGPBRI,Galaxy Z Flip8,Mint,12GB,512GB,O
TW,SM-F7760LIOBRI,Galaxy Z Flip8,Pink,12GB,256GB,
TW,SM-F7760LIPBRI,Galaxy Z Flip8,Pink,12GB,512GB,O
TW,SM-F7760ZKOBRI,Galaxy Z Flip8,Graphite,12GB,256GB,
TW,SM-F7760ZKPBRI,Galaxy Z Flip8,Graphite,12GB,512GB,
TW,SM-F7760ZWOBRI,Galaxy Z Flip8,Cream,12GB,256GB,
TW,SM-F7760ZWPBRI,Galaxy Z Flip8,Cream,12GB,512GB,
TW,SM-F9710LVIBRI,Galaxy Z Fold8,Lavender,12GB,256GB,
TW,SM-F9710LVOBRI,Galaxy Z Fold8,Lavender,12GB,512GB,O
TW,SM-F9710ZGOBRI,Galaxy Z Fold8,Pistachio,12GB,512GB,O
TW,SM-F9710ZKIBRI,Galaxy Z Fold8,Graphite,12GB,256GB,
TW,SM-F9710ZKOBRI,Galaxy Z Fold8,Graphite,12GB,512GB,
TW,SM-F9710ZWIBRI,Galaxy Z Fold8,Cream,12GB,256GB,
TW,SM-F9710ZWOBRI,Galaxy Z Fold8,Cream,12GB,512GB,
TW,SM-F9760DGOBRI,Galaxy Z Fold8 Ultra,Green Shadow,12GB,512GB,O
TW,SM-F9760ZKIBRI,Galaxy Z Fold8 Ultra,Graphite,12GB,256GB,
TW,SM-F9760ZKOBRI,Galaxy Z Fold8 Ultra,Graphite,12GB,512GB,
TW,SM-F9760ZKPBRI,Galaxy Z Fold8 Ultra,Graphite,16GB,1TB,
TW,SM-F9760ZVIBRI,Galaxy Z Fold8 Ultra,Violet Shadow,12GB,256GB,
TW,SM-F9760ZVOBRI,Galaxy Z Fold8 Ultra,Violet Shadow,12GB,512GB,O
TW,SM-F9760ZVPBRI,Galaxy Z Fold8 Ultra,Violet Shadow,16GB,1TB,
TW,SM-F9760ZWIBRI,Galaxy Z Fold8 Ultra,Cream,12GB,256GB,
TW,SM-F9760ZWOBRI,Galaxy Z Fold8 Ultra,Cream,12GB,512GB,
TW,SM-L340NZEABRI,Galaxy Watch9,Cream,,BLUETOOTH,O
TW,SM-L340NZKABRI,Galaxy Watch9,Graphite,,BLUETOOTH,
TW,SM-L345FZEABRI,Galaxy Watch9,Cream,,LTE,O
TW,SM-L345FZKABRI,Galaxy Watch9,Graphite,,LTE,
TW,SM-L350NZKABRI,Galaxy Watch9,Graphite,,BLUETOOTH,O
TW,SM-L350NZSABRI,Galaxy Watch9,Silver,,BLUETOOTH,
TW,SM-L355FZKABRI,Galaxy Watch9,Graphite,,LTE,O
TW,SM-L355FZSABRI,Galaxy Watch9,Silver,,LTE,
TW,SM-L715FZKABRI,Galaxy Watch Ultra2,Titanium Gray,,LTE,
TW,SM-L715FZSABRI,Galaxy Watch Ultra2,Titanium Silver,,LTE,O
UK,SM-F776BLGGEUB,Galaxy Z Flip8,Mint,12GB,256GB,O
UK,SM-F776BLGHEUB,Galaxy Z Flip8,Mint,12GB,512GB,
UK,SM-F776BLIGEUB,Galaxy Z Flip8,Pink,12GB,256GB,O
UK,SM-F776BLIHEUB,Galaxy Z Flip8,Pink,12GB,512GB,
UK,SM-F776BZKGEUB,Galaxy Z Flip8,Graphite,12GB,256GB,
UK,SM-F776BZKHEUB,Galaxy Z Flip8,Graphite,12GB,512GB,
UK,SM-F776BZWGEUB,Galaxy Z Flip8,Cream,12GB,256GB,
UK,SM-F776BZWHEUB,Galaxy Z Flip8,Cream,12GB,512GB,
UK,SM-F971BLVBEUB,Galaxy Z Fold8,Lavender,12GB,256GB,O
UK,SM-F971BLVCEUB,Galaxy Z Fold8,Lavender,12GB,512GB,
UK,SM-F971BLVNEUB,Galaxy Z Fold8,Lavender,16GB,1TB,
UK,SM-F971BZGBEUB,Galaxy Z Fold8,Pistachio,12GB,256GB,O
UK,SM-F971BZGCEUB,Galaxy Z Fold8,Pistachio,12GB,512GB,
UK,SM-F971BZGNEUB,Galaxy Z Fold8,Pistachio,16GB,1TB,
UK,SM-F971BZKBEUB,Galaxy Z Fold8,Graphite,12GB,256GB,
UK,SM-F971BZKCEUB,Galaxy Z Fold8,Graphite,12GB,512GB,
UK,SM-F971BZKNEUB,Galaxy Z Fold8,Graphite,16GB,1TB,
UK,SM-F971BZWBEUB,Galaxy Z Fold8,Cream,12GB,256GB,
UK,SM-F971BZWCEUB,Galaxy Z Fold8,Cream,12GB,512GB,
UK,SM-F971BZWNEUB,Galaxy Z Fold8,Cream,16GB,1TB,
UK,SM-F976BDGBEUB,Galaxy Z Fold8 Ultra,Green Shadow,12GB,256GB,O
UK,SM-F976BDGCEUB,Galaxy Z Fold8 Ultra,Green Shadow,12GB,512GB,
UK,SM-F976BDGNEUB,Galaxy Z Fold8 Ultra,Green Shadow,16GB,1TB,
UK,SM-F976BZKBEUB,Galaxy Z Fold8 Ultra,Graphite,12GB,256GB,
UK,SM-F976BZKCEUB,Galaxy Z Fold8 Ultra,Graphite,12GB,512GB,
UK,SM-F976BZKNEUB,Galaxy Z Fold8 Ultra,Graphite,16GB,1TB,
UK,SM-F976BZVBEUB,Galaxy Z Fold8 Ultra,Violet Shadow,12GB,256GB,O
UK,SM-F976BZVCEUB,Galaxy Z Fold8 Ultra,Violet Shadow,12GB,512GB,
UK,SM-F976BZVNEUB,Galaxy Z Fold8 Ultra,Violet Shadow,16GB,1TB,
UK,SM-F976BZWBEUB,Galaxy Z Fold8 Ultra,Cream,12GB,256GB,
UK,SM-F976BZWCEUB,Galaxy Z Fold8 Ultra,Cream,12GB,512GB,
UK,SM-F976BZWNEUB,Galaxy Z Fold8 Ultra,Cream,16GB,1TB,
UK,SM-L340NZEAEUB,Galaxy Watch9,Cream,,BLUETOOTH,O
UK,SM-L340NZEDWEU,Galaxy Watch9,Cream,,BLUETOOTH,O
UK,SM-L340NZKAEUB,Galaxy Watch9,Graphite,,BLUETOOTH,
UK,SM-L340NZKDWEU,Galaxy Watch9,Graphite,,BLUETOOTH,
UK,SM-L345FZEAEUB,Galaxy Watch9,Cream,,LTE,O
UK,SM-L345FZKAEUB,Galaxy Watch9,Graphite,,LTE,
UK,SM-L350NZKAEUB,Galaxy Watch9,Graphite,,BLUETOOTH,O
UK,SM-L350NZKDWEU,Galaxy Watch9,Graphite,,BLUETOOTH,O
UK,SM-L350NZSAEUB,Galaxy Watch9,Silver,,BLUETOOTH,
UK,SM-L350NZSDWEU,Galaxy Watch9,Silver,,BLUETOOTH,
UK,SM-L355FZKAEUB,Galaxy Watch9,Graphite,,LTE,O
UK,SM-L355FZSAEUB,Galaxy Watch9,Silver,,LTE,
UK,SM-L715FZKAEUB,Galaxy Watch Ultra2,Titanium Gray,,LTE,
UK,SM-L715FZSAEUB,Galaxy Watch Ultra2,Titanium Silver,,LTE,O
US,SM-F776ULGAXAA,Galaxy Z Flip8,Mint,12GB,256GB,O
US,SM-F776ULGEXAA,Galaxy Z Flip8,Mint,12GB,512GB,
US,SM-F776ULIAATT,Galaxy Z Flip8,Pink,12GB,256GB,
US,SM-F776ULIAVZW,Galaxy Z Flip8,Pink,12GB,256GB,
US,SM-F776ULIAXAA,Galaxy Z Flip8,Pink,12GB,256GB,O
US,SM-F776ULIAXAU,Galaxy Z Flip8,Pink,12GB,256GB,
US,SM-F776ULIEATT,Galaxy Z Flip8,Pink,12GB,512GB,
US,SM-F776ULIEVZW,Galaxy Z Flip8,Pink,12GB,512GB,
US,SM-F776ULIEXAA,Galaxy Z Flip8,Pink,12GB,512GB,
US,SM-F776ULIEXAU,Galaxy Z Flip8,Pink,12GB,512GB,
US,SM-F776UZKAATT,Galaxy Z Flip8,Graphite,12GB,256GB,
US,SM-F776UZKAVZW,Galaxy Z Flip8,Graphite,12GB,256GB,
US,SM-F776UZKAXAA,Galaxy Z Flip8,Graphite,12GB,256GB,
US,SM-F776UZKAXAU,Galaxy Z Flip8,Graphite,12GB,256GB,
US,SM-F776UZKEATT,Galaxy Z Flip8,Graphite,12GB,512GB,
US,SM-F776UZKEVZW,Galaxy Z Flip8,Graphite,12GB,512GB,
US,SM-F776UZKEXAA,Galaxy Z Flip8,Graphite,12GB,512GB,
US,SM-F776UZKEXAU,Galaxy Z Flip8,Graphite,12GB,512GB,
US,SM-F776UZWAATT,Galaxy Z Flip8,Cream,12GB,256GB,
US,SM-F776UZWAVZW,Galaxy Z Flip8,Cream,12GB,256GB,
US,SM-F776UZWAXAA,Galaxy Z Flip8,Cream,12GB,256GB,
US,SM-F776UZWAXAU,Galaxy Z Flip8,Cream,12GB,256GB,
US,SM-F776UZWEATT,Galaxy Z Flip8,Cream,12GB,512GB,
US,SM-F776UZWEVZW,Galaxy Z Flip8,Cream,12GB,512GB,
US,SM-F776UZWEXAA,Galaxy Z Flip8,Cream,12GB,512GB,
US,SM-F776UZWEXAU,Galaxy Z Flip8,Cream,12GB,512GB,
US,SM-F971ULVAATT,Galaxy Z Fold8,Lavender,12GB,256GB,
US,SM-F971ULVAVZW,Galaxy Z Fold8,Lavender,12GB,256GB,
US,SM-F971ULVAXAA,Galaxy Z Fold8,Lavender,12GB,256GB,O
US,SM-F971ULVAXAU,Galaxy Z Fold8,Lavender,12GB,256GB,
US,SM-F971ULVEATT,Galaxy Z Fold8,Lavender,12GB,512GB,
US,SM-F971ULVEVZW,Galaxy Z Fold8,Lavender,12GB,512GB,
US,SM-F971ULVEXAA,Galaxy Z Fold8,Lavender,12GB,512GB,
US,SM-F971ULVEXAU,Galaxy Z Fold8,Lavender,12GB,512GB,
US,SM-F971ULVFXAA,Galaxy Z Fold8,Lavender,16GB,1TB,
US,SM-F971UZGAXAA,Galaxy Z Fold8,Pistachio,12GB,256GB,O
US,SM-F971UZGEXAA,Galaxy Z Fold8,Pistachio,12GB,512GB,
US,SM-F971UZGFXAA,Galaxy Z Fold8,Pistachio,16GB,1TB,
US,SM-F971UZKAATT,Galaxy Z Fold8,Graphite,12GB,256GB,
US,SM-F971UZKAVZW,Galaxy Z Fold8,Graphite,12GB,256GB,
US,SM-F971UZKAXAA,Galaxy Z Fold8,Graphite,12GB,256GB,
US,SM-F971UZKAXAU,Galaxy Z Fold8,Graphite,12GB,256GB,
US,SM-F971UZKEATT,Galaxy Z Fold8,Graphite,12GB,512GB,
US,SM-F971UZKEVZW,Galaxy Z Fold8,Graphite,12GB,512GB,
US,SM-F971UZKEXAA,Galaxy Z Fold8,Graphite,12GB,512GB,
US,SM-F971UZKEXAU,Galaxy Z Fold8,Graphite,12GB,512GB,
US,SM-F971UZKFATT,Galaxy Z Fold8,Graphite,12GB,1TB,
US,SM-F971UZKFXAA,Galaxy Z Fold8,Graphite,16GB,1TB,
US,SM-F971UZWAATT,Galaxy Z Fold8,Cream,12GB,256GB,
US,SM-F971UZWAVZW,Galaxy Z Fold8,Cream,12GB,256GB,
US,SM-F971UZWAXAA,Galaxy Z Fold8,Cream,12GB,256GB,
US,SM-F971UZWAXAU,Galaxy Z Fold8,Cream,12GB,256GB,
US,SM-F971UZWEATT,Galaxy Z Fold8,Cream,12GB,512GB,
US,SM-F971UZWEVZW,Galaxy Z Fold8,Cream,12GB,512GB,
US,SM-F971UZWEXAA,Galaxy Z Fold8,Cream,12GB,512GB,
US,SM-F971UZWEXAU,Galaxy Z Fold8,Cream,12GB,512GB,
US,SM-F971UZWFXAA,Galaxy Z Fold8,Cream,16GB,1TB,
US,SM-F976UDGAXAA,Galaxy Z Fold8 Ultra,Green Shadow,12GB,256GB,O
US,SM-F976UDGEXAA,Galaxy Z Fold8 Ultra,Green Shadow,12GB,512GB,
US,SM-F976UDGFXAA,Galaxy Z Fold8 Ultra,Green Shadow,16GB,1TB,
US,SM-F976UZKAATT,Galaxy Z Fold8 Ultra,Graphite,12GB,256GB,
US,SM-F976UZKAVZW,Galaxy Z Fold8 Ultra,Graphite,12GB,256GB,
US,SM-F976UZKAXAA,Galaxy Z Fold8 Ultra,Graphite,12GB,256GB,
US,SM-F976UZKAXAU,Galaxy Z Fold8 Ultra,Graphite,12GB,256GB,
US,SM-F976UZKEATT,Galaxy Z Fold8 Ultra,Graphite,12GB,512GB,
US,SM-F976UZKEVZW,Galaxy Z Fold8 Ultra,Graphite,12GB,512GB,
US,SM-F976UZKEXAA,Galaxy Z Fold8 Ultra,Graphite,12GB,512GB,
US,SM-F976UZKEXAU,Galaxy Z Fold8 Ultra,Graphite,12GB,512GB,
US,SM-F976UZKFATT,Galaxy Z Fold8 Ultra,Graphite,12GB,1TB,
US,SM-F976UZKFXAA,Galaxy Z Fold8 Ultra,Graphite,16GB,1TB,
US,SM-F976UZVAATT,Galaxy Z Fold8 Ultra,Violet Shadow,12GB,256GB,
US,SM-F976UZVAVZW,Galaxy Z Fold8 Ultra,Violet Shadow,12GB,256GB,
US,SM-F976UZVAXAA,Galaxy Z Fold8 Ultra,Violet Shadow,12GB,256GB,O
US,SM-F976UZVAXAU,Galaxy Z Fold8 Ultra,Violet Shadow,12GB,256GB,
US,SM-F976UZVEATT,Galaxy Z Fold8 Ultra,Violet Shadow,12GB,512GB,
US,SM-F976UZVEVZW,Galaxy Z Fold8 Ultra,Violet Shadow,12GB,512GB,
US,SM-F976UZVEXAA,Galaxy Z Fold8 Ultra,Violet Shadow,12GB,512GB,
US,SM-F976UZVEXAU,Galaxy Z Fold8 Ultra,Violet Shadow,12GB,512GB,
US,SM-F976UZVFXAA,Galaxy Z Fold8 Ultra,Violet Shadow,16GB,1TB,
US,SM-F976UZWAATT,Galaxy Z Fold8 Ultra,Cream,12GB,256GB,
US,SM-F976UZWAVZW,Galaxy Z Fold8 Ultra,Cream,12GB,256GB,
US,SM-F976UZWAXAA,Galaxy Z Fold8 Ultra,Cream,12GB,256GB,
US,SM-F976UZWAXAU,Galaxy Z Fold8 Ultra,Cream,12GB,256GB,
US,SM-F976UZWEATT,Galaxy Z Fold8 Ultra,Cream,12GB,512GB,
US,SM-F976UZWEVZW,Galaxy Z Fold8 Ultra,Cream,12GB,512GB,
US,SM-F976UZWEXAA,Galaxy Z Fold8 Ultra,Cream,12GB,512GB,
US,SM-F976UZWEXAU,Galaxy Z Fold8 Ultra,Cream,12GB,512GB,
US,SM-F976UZWFXAA,Galaxy Z Fold8 Ultra,Cream,16GB,1TB,
US,SM-L340NZEAXAA,Galaxy Watch9,Cream,,BLUETOOTH,O
US,SM-L340NZEDXAA,Galaxy Watch9,Cream,,BLUETOOTH,O
US,SM-L340NZKAXAA,Galaxy Watch9,Graphite,,BLUETOOTH,
US,SM-L340NZKDXAA,Galaxy Watch9,Graphite,,BLUETOOTH,
US,SM-L345UZEAXAA,Galaxy Watch9,Cream,,LTE,O
US,SM-L345UZEDXAA,Galaxy Watch9,Cream,,LTE,O
US,SM-L345UZKAXAA,Galaxy Watch9,Graphite,,LTE,
US,SM-L345UZKDXAA,Galaxy Watch9,Graphite,,LTE,
US,SM-L350NZKAXAA,Galaxy Watch9,Graphite,,BLUETOOTH,O
US,SM-L350NZKDXAA,Galaxy Watch9,Graphite,,BLUETOOTH,O
US,SM-L350NZSAXAA,Galaxy Watch9,Silver,,BLUETOOTH,
US,SM-L350NZSDXAA,Galaxy Watch9,Silver,,BLUETOOTH,
US,SM-L355UZKAXAA,Galaxy Watch9,Graphite,,LTE,O
US,SM-L355UZKDXAA,Galaxy Watch9,Graphite,,LTE,O
US,SM-L355UZSAXAA,Galaxy Watch9,Silver,,LTE,
US,SM-L355UZSDXAA,Galaxy Watch9,Silver,,LTE,
US,SM-L715UZKAXAA,Galaxy Watch Ultra2,Titanium Gray,,LTE,
US,SM-L715UZKDXAA,Galaxy Watch Ultra2,Titanium Gray,,LTE,
US,SM-L715UZSAXAA,Galaxy Watch Ultra2,Titanium Silver,,LTE,O
US,SM-L715UZSDXAA,Galaxy Watch Ultra2,Titanium Silver,,LTE,O
VN,SM-F776BLGAXXV,Galaxy Z Flip8,Mint,12GB,256GB,O
VN,SM-F776BLGEXXV,Galaxy Z Flip8,Mint,12GB,512GB,
VN,SM-F776BLIAXXV,Galaxy Z Flip8,Pink,12GB,256GB,O
VN,SM-F776BLIEXXV,Galaxy Z Flip8,Pink,12GB,512GB,
VN,SM-F776BZKAXXV,Galaxy Z Flip8,Graphite,12GB,256GB,
VN,SM-F776BZKEXXV,Galaxy Z Flip8,Graphite,12GB,512GB,
VN,SM-F776BZWAXXV,Galaxy Z Flip8,Cream,12GB,256GB,
VN,SM-F776BZWEXXV,Galaxy Z Flip8,Cream,12GB,512GB,
VN,SM-F971BLVDXXV,Galaxy Z Fold8,Lavender,12GB,256GB,O
VN,SM-F971BLVGXXV,Galaxy Z Fold8,Lavender,12GB,512GB,
VN,SM-F971BZGDXXV,Galaxy Z Fold8,Pistachio,12GB,256GB,O
VN,SM-F971BZGGXXV,Galaxy Z Fold8,Pistachio,12GB,512GB,
VN,SM-F971BZKDXXV,Galaxy Z Fold8,Graphite,12GB,256GB,
VN,SM-F971BZKGXXV,Galaxy Z Fold8,Graphite,12GB,512GB,
VN,SM-F971BZKHXXV,Galaxy Z Fold8,Graphite,16GB,1TB,
VN,SM-F971BZWDXXV,Galaxy Z Fold8,Cream,12GB,256GB,
VN,SM-F971BZWGXXV,Galaxy Z Fold8,Cream,12GB,512GB,
VN,SM-F976BDGDXXV,Galaxy Z Fold8 Ultra,Green Shadow,12GB,256GB,O
VN,SM-F976BDGGXXV,Galaxy Z Fold8 Ultra,Green Shadow,12GB,512GB,
VN,SM-F976BZKDXXV,Galaxy Z Fold8 Ultra,Graphite,12GB,256GB,
VN,SM-F976BZKGXXV,Galaxy Z Fold8 Ultra,Graphite,12GB,512GB,
VN,SM-F976BZKHXXV,Galaxy Z Fold8 Ultra,Graphite,16GB,1TB,
VN,SM-F976BZVDXXV,Galaxy Z Fold8 Ultra,Violet Shadow,12GB,256GB,O
VN,SM-F976BZVGXXV,Galaxy Z Fold8 Ultra,Violet Shadow,12GB,512GB,
VN,SM-F976BZWDXXV,Galaxy Z Fold8 Ultra,Cream,12GB,256GB,
VN,SM-F976BZWGXXV,Galaxy Z Fold8 Ultra,Cream,12GB,512GB,
VN,SM-L340NZEAXXV,Galaxy Watch9,Cream,,BLUETOOTH,O
VN,SM-L340NZKAXXV,Galaxy Watch9,Graphite,,BLUETOOTH,
VN,SM-L345FZEAXXV,Galaxy Watch9,Cream,,LTE,O
VN,SM-L345FZKAXXV,Galaxy Watch9,Graphite,,LTE,
VN,SM-L350NZKAXXV,Galaxy Watch9,Graphite,,BLUETOOTH,O
VN,SM-L350NZSAXXV,Galaxy Watch9,Silver,,BLUETOOTH,
VN,SM-L355FZKAXXV,Galaxy Watch9,Graphite,,LTE,O
VN,SM-L355FZSAXXV,Galaxy Watch9,Silver,,LTE,
VN,SM-L715FZKAXXV,Galaxy Watch Ultra2,Titanium Gray,,LTE,
VN,SM-L715FZSAXXV,Galaxy Watch Ultra2,Titanium Silver,,LTE,O
ZA,SM-F776BLGOAFA,Galaxy Z Flip8,Mint,12GB,256GB,O
ZA,SM-F776BLIOAFA,Galaxy Z Flip8,Pink,12GB,256GB,O
ZA,SM-F776BZKOAFA,Galaxy Z Flip8,Graphite,12GB,256GB,
ZA,SM-F776BZWOAFA,Galaxy Z Flip8,Cream,12GB,256GB,
ZA,SM-F971BLVIAFA,Galaxy Z Fold8,Lavender,12GB,256GB,O
ZA,SM-F971BZGIAFA,Galaxy Z Fold8,Pistachio,12GB,256GB,O
ZA,SM-F971BZGOAFA,Galaxy Z Fold8,Pistachio,12GB,512GB,
ZA,SM-F971BZKIAFA,Galaxy Z Fold8,Graphite,12GB,256GB,
ZA,SM-F971BZKOAFA,Galaxy Z Fold8,Graphite,12GB,512GB,
ZA,SM-F971BZWIAFA,Galaxy Z Fold8,Cream,12GB,256GB,
ZA,SM-F976BDGOAFA,Galaxy Z Fold8 Ultra,Green Shadow,12GB,512GB,O
ZA,SM-F976BZKOAFA,Galaxy Z Fold8 Ultra,Graphite,12GB,512GB,
ZA,SM-F976BZVOAFA,Galaxy Z Fold8 Ultra,Violet Shadow,12GB,512GB,O
ZA,SM-F976BZWOAFA,Galaxy Z Fold8 Ultra,Cream,12GB,512GB,
ZA,SM-L340NZEAXFA,Galaxy Watch9,Cream,,BLUETOOTH,O
ZA,SM-L340NZKAXFA,Galaxy Watch9,Graphite,,BLUETOOTH,
ZA,SM-L345FZEAXFA,Galaxy Watch9,Cream,,LTE,O
ZA,SM-L345FZKAXFA,Galaxy Watch9,Graphite,,LTE,
ZA,SM-L350NZKAXFA,Galaxy Watch9,Graphite,,BLUETOOTH,O
ZA,SM-L350NZSAXFA,Galaxy Watch9,Silver,,BLUETOOTH,
ZA,SM-L355FZKAXFA,Galaxy Watch9,Graphite,,LTE,O
ZA,SM-L355FZSAXFA,Galaxy Watch9,Silver,,LTE,
ZA,SM-L715FZKAXFA,Galaxy Watch Ultra2,Titanium Gray,,LTE,
ZA,SM-L715FZSAXFA,Galaxy Watch Ultra2,Titanium Silver,,LTE,O
